low_device,high_device,drain_voltage_V,diagnostic_gate_voltage_V,stage,qf_barrier_pair_proxy_dex,increment_from_previous_stage_dex,final_gate_proxy_dex
n17,n21,0.05,0.8,equilibrium,0.005770199030304018,0.005770199030304018,0.02708039962289367
n17,n21,0.05,0.8,drain,0.006140478761619177,0.00037027973131515887,0.02708039962289367
n17,n21,0.05,0.8,gate,0.02708039962289367,0.02093992086127449,0.02708039962289367
n17,n21,1.0,0.75,equilibrium,0.005770199030304018,0.005770199030304018,0.022716664470455922
n17,n21,1.0,0.75,drain,0.004655009784944114,-0.0011151892453599042,0.022716664470455922
n17,n21,1.0,0.75,gate,0.022716664470455922,0.018061654685511807,0.022716664470455922
n18,n22,0.05,0.8,equilibrium,0.005873271129490581,0.005873271129490581,0.027271513939338556
n18,n22,0.05,0.8,drain,0.006215592031169689,0.00034232090167910824,0.027271513939338556
n18,n22,0.05,0.8,gate,0.027271513939338556,0.021055921908168865,0.027271513939338556
n18,n22,1.0,0.75,equilibrium,0.005873271129490581,0.005873271129490581,0.02335350894660264
n18,n22,1.0,0.75,drain,-0.004938027085286413,-0.010811298214776994,0.02335350894660264
n18,n22,1.0,0.75,gate,0.02335350894660264,0.028291536031889053,0.02335350894660264
n19,n23,0.05,0.9,equilibrium,0.006466582440115071,0.006466582440115071,0.02864850530512375
n19,n23,0.05,0.9,drain,0.006858592990451249,0.0003920105503361776,0.02864850530512375
n19,n23,0.05,0.9,gate,0.02864850530512375,0.0217899123146725,0.02864850530512375
n19,n23,1.0,0.8,equilibrium,0.006466582440115071,0.006466582440115071,0.021187196531171747
n19,n23,1.0,0.8,drain,0.01662157630682746,0.010154993866712387,0.021187196531171747
n19,n23,1.0,0.8,gate,0.021187196531171747,0.004565620224344289,0.021187196531171747
n20,n24,0.05,0.85,equilibrium,0.006614014591080238,0.006614014591080238,0.023694325735386716
n20,n24,0.05,0.85,drain,0.006967153226627823,0.0003531386355475844,0.023694325735386716
n20,n24,0.05,0.85,gate,0.023694325735386716,0.016727172508758895,0.023694325735386716
n20,n24,1.0,0.8,equilibrium,0.006614014591080238,0.006614014591080238,0.021863921769201856
n20,n24,1.0,0.8,drain,-0.038847502730557405,-0.04546151732163764,0.021863921769201856
n20,n24,1.0,0.8,gate,0.021863921769201856,0.06071142449975926,0.021863921769201856
