case,device,vd,vg,index,model,arm,original_config,seed,attempt,dest,qualified,exit_code,failure,elapsed_seconds,current_A_per_um,max_row_ratio,row_violations,kcl_over_Id,iterations,global_electron_ratio,global_hole_ratio,port_relative
m65_n19_vd_0p050000_endpoint,n19,0.05,0.0,0,phumob,vela,D:\code-repo\vela-tcad\.worktrees\simplemos-sdevice-validation\build-release\phumob_lowvg_20260909\legacy\inputs\m65_n19_vd_0p050000_endpoint_0\vela\config.json,D:\code-repo\vela-tcad\.worktrees\simplemos-sdevice-validation\build-release\simplemos_bgn_restore_20260908\vela\old_slotboom\m65_n19_vd_0p050000_endpoint\vela\vg_000\attempt_0\state.csv,0,D:\code-repo\vela-tcad\.worktrees\simplemos-sdevice-validation\build-release\phumob_lowvg_20260909\legacy\dc\phumob\m65_n19_vd_0p050000_endpoint\vela\vg_000\attempt_0,True,0,,27.928411400000186,2.8078835493446462e-15,6.637329849638809e-10,0,6.717439370928731e-15,4,1.1064752383247165e-14,1.5731779716279506e-15,8.881784197001252e-16
m65_n19_vd_0p050000_endpoint,n19,0.05,0.0,0,phumob,native,D:\code-repo\vela-tcad\.worktrees\simplemos-sdevice-validation\build-release\phumob_lowvg_20260909\legacy\inputs\m65_n19_vd_0p050000_endpoint_0\native\config.json,D:\code-repo\vela-tcad\.worktrees\simplemos-sdevice-validation\build-release\simplemos_bgn_restore_20260908\intrinsic_control\initial\m65_n19_vd_0p050000_endpoint\vg_000\state.csv,0,D:\code-repo\vela-tcad\.worktrees\simplemos-sdevice-validation\build-release\phumob_lowvg_20260909\legacy\dc\phumob\m65_n19_vd_0p050000_endpoint\native\vg_000\attempt_0,True,0,,21.023356099998637,2.8078835493447263e-15,1.0388711636225026e-07,0,4.2701448443527115e-15,3,7.019726096763487e-15,6.886440158217345e-16,1.9984014443252818e-15
m65_n19_vd_0p050000_endpoint,n19,0.05,0.2,10,phumob,vela,D:\code-repo\vela-tcad\.worktrees\simplemos-sdevice-validation\build-release\phumob_lowvg_20260909\legacy\inputs\m65_n19_vd_0p050000_endpoint_10\vela\config.json,D:\code-repo\vela-tcad\.worktrees\simplemos-sdevice-validation\build-release\simplemos_bgn_restore_20260908\vela\old_slotboom\m65_n19_vd_0p050000_endpoint\vela\vg_010\attempt_0\state.csv,0,D:\code-repo\vela-tcad\.worktrees\simplemos-sdevice-validation\build-release\phumob_lowvg_20260909\legacy\dc\phumob\m65_n19_vd_0p050000_endpoint\vela\vg_010\attempt_0,True,0,,30.458652400000574,3.448573014369109e-13,7.678983103870746e-10,0,4.4431192959491334e-15,4,2.1666437104242354e-13,1.6196261017273638e-15,2.220446049250313e-16
m65_n19_vd_0p050000_endpoint,n19,0.05,0.2,10,phumob,native,D:\code-repo\vela-tcad\.worktrees\simplemos-sdevice-validation\build-release\phumob_lowvg_20260909\legacy\inputs\m65_n19_vd_0p050000_endpoint_10\native\config.json,D:\code-repo\vela-tcad\.worktrees\simplemos-sdevice-validation\build-release\simplemos_bgn_restore_20260908\intrinsic_control\initial\m65_n19_vd_0p050000_endpoint\vg_010\state.csv,0,D:\code-repo\vela-tcad\.worktrees\simplemos-sdevice-validation\build-release\phumob_lowvg_20260909\legacy\dc\phumob\m65_n19_vd_0p050000_endpoint\native\vg_010\attempt_0,True,0,,25.684887399998843,3.4485730143691826e-13,1.0389446141779491e-07,0,1.2316129641733966e-15,3,9.537073384277465e-13,7.128778228301239e-16,1.1102230246251565e-15
m65_n19_vd_1p000000_endpoint,n19,1.0,0.0,0,phumob,vela,D:\code-repo\vela-tcad\.worktrees\simplemos-sdevice-validation\build-release\phumob_lowvg_20260909\legacy\inputs\m65_n19_vd_1p000000_endpoint_0\vela\config.json,D:\code-repo\vela-tcad\.worktrees\simplemos-sdevice-validation\build-release\simplemos_bgn_restore_20260908\vela\old_slotboom\m65_n19_vd_1p000000_endpoint\vela\vg_000\attempt_0\state.csv,0,D:\code-repo\vela-tcad\.worktrees\simplemos-sdevice-validation\build-release\phumob_lowvg_20260909\legacy\dc\phumob\m65_n19_vd_1p000000_endpoint\vela\vg_000\attempt_0,True,0,,33.80093449999913,4.375311335691959e-14,4.7564595024028824e-07,0,5.5810754775058e-15,4,1.9010613804514603e-13,8.10216947647155e-15,1.9984014443252818e-15
m65_n19_vd_1p000000_endpoint,n19,1.0,0.0,0,phumob,native,D:\code-repo\vela-tcad\.worktrees\simplemos-sdevice-validation\build-release\phumob_lowvg_20260909\legacy\inputs\m65_n19_vd_1p000000_endpoint_0\native\config.json,D:\code-repo\vela-tcad\.worktrees\simplemos-sdevice-validation\build-release\simplemos_bgn_restore_20260908\intrinsic_control\initial\m65_n19_vd_1p000000_endpoint\vg_000\state.csv,0,D:\code-repo\vela-tcad\.worktrees\simplemos-sdevice-validation\build-release\phumob_lowvg_20260909\legacy\dc\phumob\m65_n19_vd_1p000000_endpoint\native\vg_000\attempt_0,False,1,carrier_row_convergence_line_search_rejected,67.41662200000064,4.37531133569197e-14,0.0004233393037427067,85,3.4462317054327534e-15,6,2.56660250025853e-13,2.095820409442217e-13,1.7763568394002505e-15
m65_n19_vd_1p000000_endpoint,n19,1.0,0.0,0,phumob,native,D:\code-repo\vela-tcad\.worktrees\simplemos-sdevice-validation\build-release\phumob_lowvg_20260909\legacy\inputs\m65_n19_vd_1p000000_endpoint_0\native\config.json,D:\code-repo\vela-tcad\.worktrees\simplemos-sdevice-validation\build-release\simplemos_bgn_restore_20260908\intrinsic_control\initial\m65_n19_vd_1p000000_endpoint\vg_000\state.csv,1,D:\code-repo\vela-tcad\.worktrees\simplemos-sdevice-validation\build-release\phumob_lowvg_20260909\legacy\dc\phumob\m65_n19_vd_1p000000_endpoint\native\vg_000\attempt_1,True,0,,1481.8806632999986,4.3753113342763955e-14,1.5620053836657138e-07,0,3.2354155881855284e-10,123,7.434572174685368e-09,2.4233807008389483e-17,4.6629367034256575e-15
m65_n19_vd_1p000000_endpoint,n19,1.0,0.2,10,phumob,vela,D:\code-repo\vela-tcad\.worktrees\simplemos-sdevice-validation\build-release\phumob_lowvg_20260909\legacy\inputs\m65_n19_vd_1p000000_endpoint_10\vela\config.json,D:\code-repo\vela-tcad\.worktrees\simplemos-sdevice-validation\build-release\simplemos_bgn_restore_20260908\vela\old_slotboom\m65_n19_vd_1p000000_endpoint\vela\vg_010\attempt_0\state.csv,0,D:\code-repo\vela-tcad\.worktrees\simplemos-sdevice-validation\build-release\phumob_lowvg_20260909\legacy\dc\phumob\m65_n19_vd_1p000000_endpoint\vela\vg_010\attempt_0,True,0,,62.07209420000072,5.645351968572075e-12,2.9451633238990736e-10,0,1.472451750800905e-14,5,3.009579528706984e-11,8.885729236409477e-17,3.885780586188048e-15
m65_n19_vd_1p000000_endpoint,n19,1.0,0.2,10,phumob,native,D:\code-repo\vela-tcad\.worktrees\simplemos-sdevice-validation\build-release\phumob_lowvg_20260909\legacy\inputs\m65_n19_vd_1p000000_endpoint_10\native\config.json,D:\code-repo\vela-tcad\.worktrees\simplemos-sdevice-validation\build-release\simplemos_bgn_restore_20260908\intrinsic_control\initial\m65_n19_vd_1p000000_endpoint\vg_010\state.csv,0,D:\code-repo\vela-tcad\.worktrees\simplemos-sdevice-validation\build-release\phumob_lowvg_20260909\legacy\dc\phumob\m65_n19_vd_1p000000_endpoint\native\vg_010\attempt_0,False,1,carrier_row_convergence,2555.3608416000025,5.645351968572044e-12,4.801125556142742e-06,11,9.430350253774982e-15,200,3.3470199432210355e-12,7.787129985362487e-15,8.770761894538737e-15
m65_n19_vd_1p000000_endpoint,n19,1.0,0.2,10,phumob,native,D:\code-repo\vela-tcad\.worktrees\simplemos-sdevice-validation\build-release\phumob_lowvg_20260909\legacy\inputs\m65_n19_vd_1p000000_endpoint_10\native\config.json,D:\code-repo\vela-tcad\.worktrees\simplemos-sdevice-validation\build-release\simplemos_bgn_restore_20260908\intrinsic_control\initial\m65_n19_vd_1p000000_endpoint\vg_010\state.csv,1,D:\code-repo\vela-tcad\.worktrees\simplemos-sdevice-validation\build-release\phumob_lowvg_20260909\legacy\dc\phumob\m65_n19_vd_1p000000_endpoint\native\vg_010\attempt_1,True,0,,1775.4190232,5.645351969050279e-12,4.88680713128603e-08,0,8.472244660949463e-11,200,2.5118809290594073e-07,1.6155871338926322e-17,3.1086244689504383e-15
m65_n23_vd_0p050000_endpoint,n23,0.05,0.0,0,phumob,vela,D:\code-repo\vela-tcad\.worktrees\simplemos-sdevice-validation\build-release\phumob_lowvg_20260909\legacy\inputs\m65_n23_vd_0p050000_endpoint_0\vela\config.json,D:\code-repo\vela-tcad\.worktrees\simplemos-sdevice-validation\build-release\simplemos_bgn_restore_20260908\vela\old_slotboom\m65_n23_vd_0p050000_endpoint\vela\vg_000\attempt_0\state.csv,0,D:\code-repo\vela-tcad\.worktrees\simplemos-sdevice-validation\build-release\phumob_lowvg_20260909\legacy\dc\phumob\m65_n23_vd_0p050000_endpoint\vela\vg_000\attempt_0,True,0,,26.299688099999912,6.970559788778105e-17,5.14340241956575e-10,0,3.938859735682334e-14,4,2.514257477120409e-16,1.7448341046040428e-15,1.7763568394002505e-15
m65_n23_vd_0p050000_endpoint,n23,0.05,0.0,0,phumob,native,D:\code-repo\vela-tcad\.worktrees\simplemos-sdevice-validation\build-release\phumob_lowvg_20260909\legacy\inputs\m65_n23_vd_0p050000_endpoint_0\native\config.json,D:\code-repo\vela-tcad\.worktrees\simplemos-sdevice-validation\build-release\simplemos_bgn_restore_20260908\intrinsic_control\initial\m65_n23_vd_0p050000_endpoint\vg_000\state.csv,0,D:\code-repo\vela-tcad\.worktrees\simplemos-sdevice-validation\build-release\phumob_lowvg_20260909\legacy\dc\phumob\m65_n23_vd_0p050000_endpoint\native\vg_000\attempt_0,True,0,,23.723357299997588,6.97055978877835e-17,6.454595955185607e-08,0,2.6524307984391887e-16,3,4.725592366635949e-16,4.4024749398574227e-16,3.1086244689504383e-15
m65_n23_vd_0p050000_endpoint,n23,0.05,0.2,10,phumob,vela,D:\code-repo\vela-tcad\.worktrees\simplemos-sdevice-validation\build-release\phumob_lowvg_20260909\legacy\inputs\m65_n23_vd_0p050000_endpoint_10\vela\config.json,D:\code-repo\vela-tcad\.worktrees\simplemos-sdevice-validation\build-release\simplemos_bgn_restore_20260908\vela\old_slotboom\m65_n23_vd_0p050000_endpoint\vela\vg_010\attempt_0\state.csv,0,D:\code-repo\vela-tcad\.worktrees\simplemos-sdevice-validation\build-release\phumob_lowvg_20260909\legacy\dc\phumob\m65_n23_vd_0p050000_endpoint\vela\vg_010\attempt_0,True,0,,28.062111900002492,3.1990454397574046e-15,3.9118421532288736e-11,0,4.3317456400075086e-15,4,7.595279013212737e-15,1.7751263633645296e-15,1.7763568394002505e-15
m65_n23_vd_0p050000_endpoint,n23,0.05,0.2,10,phumob,native,D:\code-repo\vela-tcad\.worktrees\simplemos-sdevice-validation\build-release\phumob_lowvg_20260909\legacy\inputs\m65_n23_vd_0p050000_endpoint_10\native\config.json,D:\code-repo\vela-tcad\.worktrees\simplemos-sdevice-validation\build-release\simplemos_bgn_restore_20260908\intrinsic_control\initial\m65_n23_vd_0p050000_endpoint\vg_010\state.csv,0,D:\code-repo\vela-tcad\.worktrees\simplemos-sdevice-validation\build-release\phumob_lowvg_20260909\legacy\dc\phumob\m65_n23_vd_0p050000_endpoint\native\vg_010\attempt_0,True,0,,29.759540499999275,3.1990454397575154e-15,6.454935715795821e-08,0,5.586863400498706e-15,3,9.693522803355793e-15,4.382280100683765e-16,3.1086244689504383e-15
m65_n23_vd_1p000000_endpoint,n23,1.0,0.0,0,phumob,vela,D:\code-repo\vela-tcad\.worktrees\simplemos-sdevice-validation\build-release\phumob_lowvg_20260909\legacy\inputs\m65_n23_vd_1p000000_endpoint_0\vela\config.json,D:\code-repo\vela-tcad\.worktrees\simplemos-sdevice-validation\build-release\simplemos_bgn_restore_20260908\vela\old_slotboom\m65_n23_vd_1p000000_endpoint\vela\vg_000\attempt_0\state.csv,0,D:\code-repo\vela-tcad\.worktrees\simplemos-sdevice-validation\build-release\phumob_lowvg_20260909\legacy\dc\phumob\m65_n23_vd_1p000000_endpoint\vela\vg_000\attempt_0,True,0,,37.01152340000044,3.6852536126840673e-16,7.231863408177829e-07,0,6.321423450241429e-14,4,2.908056841006738e-15,1.533192190064108e-14,1.3322676295501878e-15
m65_n23_vd_1p000000_endpoint,n23,1.0,0.0,0,phumob,native,D:\code-repo\vela-tcad\.worktrees\simplemos-sdevice-validation\build-release\phumob_lowvg_20260909\legacy\inputs\m65_n23_vd_1p000000_endpoint_0\native\config.json,D:\code-repo\vela-tcad\.worktrees\simplemos-sdevice-validation\build-release\simplemos_bgn_restore_20260908\intrinsic_control\initial\m65_n23_vd_1p000000_endpoint\vg_000\state.csv,0,D:\code-repo\vela-tcad\.worktrees\simplemos-sdevice-validation\build-release\phumob_lowvg_20260909\legacy\dc\phumob\m65_n23_vd_1p000000_endpoint\native\vg_000\attempt_0,True,0,,39.10759499999767,3.685253612684171e-16,2.900096213576254e-07,0,6.689336984382276e-16,4,6.462348535570529e-17,1.2924697071141057e-16,1.5543122344752192e-15
m65_n23_vd_1p000000_endpoint,n23,1.0,0.2,10,phumob,vela,D:\code-repo\vela-tcad\.worktrees\simplemos-sdevice-validation\build-release\phumob_lowvg_20260909\legacy\inputs\m65_n23_vd_1p000000_endpoint_10\vela\config.json,D:\code-repo\vela-tcad\.worktrees\simplemos-sdevice-validation\build-release\simplemos_bgn_restore_20260908\vela\old_slotboom\m65_n23_vd_1p000000_endpoint\vela\vg_010\attempt_0\state.csv,0,D:\code-repo\vela-tcad\.worktrees\simplemos-sdevice-validation\build-release\phumob_lowvg_20260909\legacy\dc\phumob\m65_n23_vd_1p000000_endpoint\vela\vg_010\attempt_0,True,0,,52.28321810000125,1.4123963353986065e-14,1.2149733906159178e-10,0,4.030118406975994e-15,5,6.158618154398714e-14,3.2311742677852644e-17,1.5543122344752192e-15
m65_n23_vd_1p000000_endpoint,n23,1.0,0.2,10,phumob,native,D:\code-repo\vela-tcad\.worktrees\simplemos-sdevice-validation\build-release\phumob_lowvg_20260909\legacy\inputs\m65_n23_vd_1p000000_endpoint_10\native\config.json,D:\code-repo\vela-tcad\.worktrees\simplemos-sdevice-validation\build-release\simplemos_bgn_restore_20260908\intrinsic_control\initial\m65_n23_vd_1p000000_endpoint\vg_010\state.csv,0,D:\code-repo\vela-tcad\.worktrees\simplemos-sdevice-validation\build-release\phumob_lowvg_20260909\legacy\dc\phumob\m65_n23_vd_1p000000_endpoint\native\vg_010\attempt_0,True,0,,52.25121819999913,1.4123963353986054e-14,6.09206649367807e-07,0,2.077020746774117e-14,5,7.968075744358462e-14,6.462348535570529e-17,1.7763568394002505e-15
