device,drain_voltage_V,variant,refdens_cm3,maximum_absolute_log10_ratio_above_floor,maximum_error_change_dex,maximum_sentaurus_response_dex
n17,0.05,explicit_gradqf,0.0,0.04172703523666418,0.0,0.0
n17,1.0,explicit_gradqf,0.0,0.0322235035136669,0.0,0.0
n17,0.05,refdens_1e2,100.0,0.04172673977307932,-2.9546358485538216e-07,3.918793115436092e-06
n17,1.0,refdens_1e2,100.0,0.032223503016796655,-4.968702463359342e-10,4.8180448517072565e-05
n17,0.05,refdens_1e4,10000.0,0.04173035147801575,3.3162413515738787e-06,0.00010756441698389305
n17,1.0,refdens_1e4,10000.0,0.032223503012778335,-5.008885667345808e-10,5.947995104903678e-05
n17,0.05,refdens_1e6,1000000.0,0.04945236187789498,0.007725326641230802,0.024336930541921677
n17,1.0,refdens_1e6,1000000.0,0.03222350533816578,1.824498878366665e-09,0.0007728638135028508
n17,0.05,refdens_1e8,100000000.0,0.3882346519954385,0.34650761675877434,0.3631192206594652
n17,1.0,refdens_1e8,100000000.0,0.1338799594299055,0.10165645591623859,0.1141095811543876
n17,0.05,refdens_1e10,10000000000.0,0.5547512079847058,0.5130241727480416,0.5130241727480416
n17,1.0,refdens_1e10,10000000000.0,0.3194333286062173,0.28720982509255044,0.2981082487898714
n21,0.05,explicit_gradqf,0.0,0.07374837507777213,0.0,0.0
n21,1.0,explicit_gradqf,0.0,0.05808652051250995,0.0,0.0
n21,0.05,refdens_1e2,100.0,0.0737396802143929,-8.694863379232753e-06,3.542302800699729e-05
n21,1.0,refdens_1e2,100.0,0.058086520512293564,-2.16382467499443e-13,4.2330731030523045e-05
n21,0.05,refdens_1e4,10000.0,0.07748471879393334,0.0037363437161612167,0.006074418426018213
n21,1.0,refdens_1e4,10000.0,0.058086520548487584,3.597763753582228e-11,0.001201976047924712
n21,0.05,refdens_1e6,1000000.0,0.23832965634146988,0.16458128126369775,0.17776511606727816
n21,1.0,refdens_1e6,1000000.0,0.08240928178216492,0.02432276126965497,0.06951682815026079
n21,0.05,refdens_1e8,100000000.0,0.5934688502098558,0.5197204751320837,0.5197204751320837
n21,1.0,refdens_1e8,100000000.0,0.3864223447263656,0.32833582421385565,0.3538884961146752
n21,0.05,refdens_1e10,10000000000.0,0.7011467373407136,0.6273983622629415,0.65577679987537
n21,1.0,refdens_1e10,10000000000.0,0.58131541210823,0.5232288915957201,0.5399673417694125
