key,field,count,max_absolute,max_relative
m65_n19_vd_0p050000_endpoint_vg_050,AcceptorConcentration_region0.csv,942,0.0,0.0
m65_n19_vd_0p050000_endpoint_vg_050,BandgapNarrowing_region0.csv,942,0.0,0.0
m65_n19_vd_0p050000_endpoint_vg_050,BandgapNarrowing_region1.csv,243,0.0,0.0
m65_n19_vd_0p050000_endpoint_vg_050,BandgapNarrowing_region2.csv,176,0.0,0.0
m65_n19_vd_0p050000_endpoint_vg_050,BandgapNarrowing_region3.csv,176,0.0,0.0
m65_n19_vd_0p050000_endpoint_vg_050,ContactCharge_region4.csv,1,0.0,0.0
m65_n19_vd_0p050000_endpoint_vg_050,ContactCharge_region5.csv,1,0.0,0.0
m65_n19_vd_0p050000_endpoint_vg_050,ContactCharge_region6.csv,1,0.0,0.0
m65_n19_vd_0p050000_endpoint_vg_050,ContactCharge_region7.csv,1,0.0,0.0
m65_n19_vd_0p050000_endpoint_vg_050,ContactCurrentFlux_region4.csv,1,0.0,0.0
m65_n19_vd_0p050000_endpoint_vg_050,ContactCurrentFlux_region5.csv,1,0.0,0.0
m65_n19_vd_0p050000_endpoint_vg_050,ContactCurrentFlux_region6.csv,1,0.0,0.0
m65_n19_vd_0p050000_endpoint_vg_050,ContactCurrentFlux_region7.csv,1,0.0,0.0
m65_n19_vd_0p050000_endpoint_vg_050,ContactExternalVoltage_region4.csv,1,0.0,0.0
m65_n19_vd_0p050000_endpoint_vg_050,ContactExternalVoltage_region5.csv,1,0.0,0.0
m65_n19_vd_0p050000_endpoint_vg_050,ContactExternalVoltage_region6.csv,1,0.0,0.0
m65_n19_vd_0p050000_endpoint_vg_050,ContactExternalVoltage_region7.csv,1,0.0,0.0
m65_n19_vd_0p050000_endpoint_vg_050,DonorConcentration_region0.csv,942,0.0,0.0
m65_n19_vd_0p050000_endpoint_vg_050,DopingConcentration_region0.csv,942,0.0,0.0
m65_n19_vd_0p050000_endpoint_vg_050,eCurrentDensity_region0_cells.csv,1750,3.0517578125e-05,1.926535708052599e-11
m65_n19_vd_0p050000_endpoint_vg_050,eDensity_region0.csv,942,1.52587890625e-05,1.7497997458824884e-16
m65_n19_vd_0p050000_endpoint_vg_050,EffectiveIntrinsicDensity_region0.csv,942,0.0,0.0
m65_n19_vd_0p050000_endpoint_vg_050,ElectricField_region0_cells.csv,1750,4.547473508864641e-13,3.470228339605271e-16
m65_n19_vd_0p050000_endpoint_vg_050,ElectricField_region1_cells.csv,428,2.2737367544323206e-13,1.1788458912726679e-15
m65_n19_vd_0p050000_endpoint_vg_050,ElectricField_region2_cells.csv,282,1.9387045606711586e-26,1.4494548787160798e-15
m65_n19_vd_0p050000_endpoint_vg_050,ElectricField_region3_cells.csv,282,6.462348535570529e-27,5.31999857791114e-16
m65_n19_vd_0p050000_endpoint_vg_050,ElectrostaticPotential_region0.csv,942,0.0,0.0
m65_n19_vd_0p050000_endpoint_vg_050,ElectrostaticPotential_region1.csv,243,0.0,0.0
m65_n19_vd_0p050000_endpoint_vg_050,ElectrostaticPotential_region2.csv,176,0.0,0.0
m65_n19_vd_0p050000_endpoint_vg_050,ElectrostaticPotential_region3.csv,176,0.0,0.0
m65_n19_vd_0p050000_endpoint_vg_050,eMobility_region0_cells.csv,1750,1.1368683772161603e-13,2.320598965224581e-16
m65_n19_vd_0p050000_endpoint_vg_050,eQuasiFermiPotential_region0.csv,942,6.938893903907228e-18,2.1150960473425636e-16
m65_n19_vd_0p050000_endpoint_vg_050,eQuasiFermiPotential_region1.csv,243,2.168404344971009e-19,1.7569785584728201e-16
m65_n19_vd_0p050000_endpoint_vg_050,eQuasiFermiPotential_region2.csv,176,0.0,0.0
m65_n19_vd_0p050000_endpoint_vg_050,eQuasiFermiPotential_region3.csv,176,0.0,0.0
m65_n19_vd_0p050000_endpoint_vg_050,Extrapolation_eDensity_region0.csv,942,0.0,0.0
m65_n19_vd_0p050000_endpoint_vg_050,Extrapolation_ElectrostaticPotential_region0.csv,942,0.0,0.0
m65_n19_vd_0p050000_endpoint_vg_050,Extrapolation_ElectrostaticPotential_region1.csv,243,0.0,0.0
m65_n19_vd_0p050000_endpoint_vg_050,Extrapolation_ElectrostaticPotential_region2.csv,176,0.0,0.0
m65_n19_vd_0p050000_endpoint_vg_050,Extrapolation_ElectrostaticPotential_region3.csv,176,0.0,0.0
m65_n19_vd_0p050000_endpoint_vg_050,Extrapolation_hDensity_region0.csv,942,0.0,0.0
m65_n19_vd_0p050000_endpoint_vg_050,hCurrentDensity_region0_cells.csv,1750,1.734723475976807e-18,2.56048469257921e-08
m65_n19_vd_0p050000_endpoint_vg_050,hDensity_region0.csv,942,3.637978807091713e-12,1.6927765126238567e-16
m65_n19_vd_0p050000_endpoint_vg_050,hMobility_region0_cells.csv,1750,5.684341886080802e-14,2.2052099755602367e-16
m65_n19_vd_0p050000_endpoint_vg_050,hQuasiFermiPotential_region0.csv,942,1.734723475976807e-18,2.2147821665733412e-16
m65_n19_vd_0p050000_endpoint_vg_050,hQuasiFermiPotential_region1.csv,243,2.168404344971009e-19,1.9128459234459222e-16
m65_n19_vd_0p050000_endpoint_vg_050,hQuasiFermiPotential_region2.csv,176,0.0,0.0
m65_n19_vd_0p050000_endpoint_vg_050,hQuasiFermiPotential_region3.csv,176,2.168404344971009e-19,1.9128459234459222e-16
m65_n19_vd_0p050000_endpoint_vg_050,LatticeTemperature_region0.csv,942,0.0,0.0
m65_n19_vd_0p050000_endpoint_vg_050,LatticeTemperature_region1.csv,243,0.0,0.0
m65_n19_vd_0p050000_endpoint_vg_050,LatticeTemperature_region2.csv,176,0.0,0.0
m65_n19_vd_0p050000_endpoint_vg_050,LatticeTemperature_region3.csv,176,0.0,0.0
m65_n19_vd_0p050000_endpoint_vg_050,QuasiFermiPotential_region0.csv,942,0.0,0.0
m65_n19_vd_0p050000_endpoint_vg_050,QuasiFermiPotential_region1.csv,243,0.0,0.0
m65_n19_vd_0p050000_endpoint_vg_050,QuasiFermiPotential_region2.csv,176,0.0,0.0
m65_n19_vd_0p050000_endpoint_vg_050,QuasiFermiPotential_region3.csv,176,0.0,0.0
m65_n19_vd_0p050000_endpoint_vg_050,srhRecombination_region0.csv,942,0.0009765625,2.1808974475437963e-16
m65_n19_vd_1p000000_endpoint_vg_040,AcceptorConcentration_region0.csv,942,0.0,0.0
m65_n19_vd_1p000000_endpoint_vg_040,BandgapNarrowing_region0.csv,942,0.0,0.0
m65_n19_vd_1p000000_endpoint_vg_040,BandgapNarrowing_region1.csv,243,0.0,0.0
m65_n19_vd_1p000000_endpoint_vg_040,BandgapNarrowing_region2.csv,176,0.0,0.0
m65_n19_vd_1p000000_endpoint_vg_040,BandgapNarrowing_region3.csv,176,0.0,0.0
m65_n19_vd_1p000000_endpoint_vg_040,ContactCharge_region4.csv,1,0.0,0.0
m65_n19_vd_1p000000_endpoint_vg_040,ContactCharge_region5.csv,1,0.0,0.0
m65_n19_vd_1p000000_endpoint_vg_040,ContactCharge_region6.csv,1,0.0,0.0
m65_n19_vd_1p000000_endpoint_vg_040,ContactCharge_region7.csv,1,0.0,0.0
m65_n19_vd_1p000000_endpoint_vg_040,ContactCurrentFlux_region4.csv,1,0.0,0.0
m65_n19_vd_1p000000_endpoint_vg_040,ContactCurrentFlux_region5.csv,1,4.235164736271502e-22,1.349784999925308e-16
m65_n19_vd_1p000000_endpoint_vg_040,ContactCurrentFlux_region6.csv,1,0.0,0.0
m65_n19_vd_1p000000_endpoint_vg_040,ContactCurrentFlux_region7.csv,1,0.0,0.0
m65_n19_vd_1p000000_endpoint_vg_040,ContactExternalVoltage_region4.csv,1,0.0,0.0
m65_n19_vd_1p000000_endpoint_vg_040,ContactExternalVoltage_region5.csv,1,0.0,0.0
m65_n19_vd_1p000000_endpoint_vg_040,ContactExternalVoltage_region6.csv,1,0.0,0.0
m65_n19_vd_1p000000_endpoint_vg_040,ContactExternalVoltage_region7.csv,1,0.0,0.0
m65_n19_vd_1p000000_endpoint_vg_040,DonorConcentration_region0.csv,942,0.0,0.0
m65_n19_vd_1p000000_endpoint_vg_040,DopingConcentration_region0.csv,942,0.0,0.0
m65_n19_vd_1p000000_endpoint_vg_040,eCurrentDensity_region0_cells.csv,1750,1.52587890625e-05,1.9760349435994342e-13
m65_n19_vd_1p000000_endpoint_vg_040,eDensity_region0.csv,942,8.0,5.302458031849481e-16
m65_n19_vd_1p000000_endpoint_vg_040,EffectiveIntrinsicDensity_region0.csv,942,0.0,0.0
m65_n19_vd_1p000000_endpoint_vg_040,ElectricField_region0_cells.csv,1750,1.4551915228366852e-11,2.0393544064035303e-16
m65_n19_vd_1p000000_endpoint_vg_040,ElectricField_region1_cells.csv,428,1.4551915228366852e-11,9.36993900286194e-16
m65_n19_vd_1p000000_endpoint_vg_040,ElectricField_region2_cells.csv,282,1.6155871338926322e-27,5.066225075251886e-16
m65_n19_vd_1p000000_endpoint_vg_040,ElectricField_region3_cells.csv,282,1.2924697071141057e-26,1.0885546409699775e-15
m65_n19_vd_1p000000_endpoint_vg_040,ElectrostaticPotential_region0.csv,942,6.938893903907228e-18,1.5359389756394303e-16
m65_n19_vd_1p000000_endpoint_vg_040,ElectrostaticPotential_region1.csv,243,0.0,0.0
m65_n19_vd_1p000000_endpoint_vg_040,ElectrostaticPotential_region2.csv,176,0.0,0.0
m65_n19_vd_1p000000_endpoint_vg_040,ElectrostaticPotential_region3.csv,176,0.0,0.0
m65_n19_vd_1p000000_endpoint_vg_040,eMobility_region0_cells.csv,1750,1.1368683772161603e-13,4.350322406661885e-16
m65_n19_vd_1p000000_endpoint_vg_040,eQuasiFermiPotential_region0.csv,942,1.1102230246251565e-16,2.2020228545863255e-16
m65_n19_vd_1p000000_endpoint_vg_040,eQuasiFermiPotential_region1.csv,243,5.421010862427522e-20,1.8590796380633462e-16
m65_n19_vd_1p000000_endpoint_vg_040,eQuasiFermiPotential_region2.csv,176,2.710505431213761e-20,1.3544949919361044e-16
m65_n19_vd_1p000000_endpoint_vg_040,eQuasiFermiPotential_region3.csv,176,0.0,0.0
m65_n19_vd_1p000000_endpoint_vg_040,Extrapolation_eDensity_region0.csv,942,0.0,0.0
m65_n19_vd_1p000000_endpoint_vg_040,Extrapolation_ElectrostaticPotential_region0.csv,942,0.0,0.0
m65_n19_vd_1p000000_endpoint_vg_040,Extrapolation_ElectrostaticPotential_region1.csv,243,0.0,0.0
m65_n19_vd_1p000000_endpoint_vg_040,Extrapolation_ElectrostaticPotential_region2.csv,176,0.0,0.0
m65_n19_vd_1p000000_endpoint_vg_040,Extrapolation_ElectrostaticPotential_region3.csv,176,0.0,0.0
m65_n19_vd_1p000000_endpoint_vg_040,Extrapolation_hDensity_region0.csv,942,0.0,0.0
m65_n19_vd_1p000000_endpoint_vg_040,hCurrentDensity_region0_cells.csv,1750,3.469446951953614e-18,4.127381065182836e-09
m65_n19_vd_1p000000_endpoint_vg_040,hDensity_region0.csv,942,0.0009765625,2.8503171843411007e-16
m65_n19_vd_1p000000_endpoint_vg_040,hMobility_region0_cells.csv,1750,5.684341886080802e-14,3.6950301592353395e-16
m65_n19_vd_1p000000_endpoint_vg_040,hQuasiFermiPotential_region0.csv,942,1.1102230246251565e-16,2.2128408995870954e-16
m65_n19_vd_1p000000_endpoint_vg_040,hQuasiFermiPotential_region1.csv,243,1.3234889800848443e-23,2.0773923230951234e-16
m65_n19_vd_1p000000_endpoint_vg_040,hQuasiFermiPotential_region2.csv,176,1.0587911840678754e-22,1.7758892301249861e-16
m65_n19_vd_1p000000_endpoint_vg_040,hQuasiFermiPotential_region3.csv,176,0.0,0.0
m65_n19_vd_1p000000_endpoint_vg_040,LatticeTemperature_region0.csv,942,0.0,0.0
m65_n19_vd_1p000000_endpoint_vg_040,LatticeTemperature_region1.csv,243,0.0,0.0
m65_n19_vd_1p000000_endpoint_vg_040,LatticeTemperature_region2.csv,176,0.0,0.0
m65_n19_vd_1p000000_endpoint_vg_040,LatticeTemperature_region3.csv,176,0.0,0.0
m65_n19_vd_1p000000_endpoint_vg_040,QuasiFermiPotential_region0.csv,942,0.0,0.0
m65_n19_vd_1p000000_endpoint_vg_040,QuasiFermiPotential_region1.csv,243,0.0,0.0
m65_n19_vd_1p000000_endpoint_vg_040,QuasiFermiPotential_region2.csv,176,0.0,0.0
m65_n19_vd_1p000000_endpoint_vg_040,QuasiFermiPotential_region3.csv,176,0.0,0.0
m65_n19_vd_1p000000_endpoint_vg_040,srhRecombination_region0.csv,942,1.0,4.036075999693741e-16
m65_n19_vd_1p000000_endpoint_vg_050,AcceptorConcentration_region0.csv,942,0.0,0.0
m65_n19_vd_1p000000_endpoint_vg_050,BandgapNarrowing_region0.csv,942,0.0,0.0
m65_n19_vd_1p000000_endpoint_vg_050,BandgapNarrowing_region1.csv,243,0.0,0.0
m65_n19_vd_1p000000_endpoint_vg_050,BandgapNarrowing_region2.csv,176,0.0,0.0
m65_n19_vd_1p000000_endpoint_vg_050,BandgapNarrowing_region3.csv,176,0.0,0.0
m65_n19_vd_1p000000_endpoint_vg_050,ContactCharge_region4.csv,1,0.0,0.0
m65_n19_vd_1p000000_endpoint_vg_050,ContactCharge_region5.csv,1,0.0,0.0
m65_n19_vd_1p000000_endpoint_vg_050,ContactCharge_region6.csv,1,0.0,0.0
m65_n19_vd_1p000000_endpoint_vg_050,ContactCharge_region7.csv,1,0.0,0.0
m65_n19_vd_1p000000_endpoint_vg_050,ContactCurrentFlux_region4.csv,1,0.0,0.0
m65_n19_vd_1p000000_endpoint_vg_050,ContactCurrentFlux_region5.csv,1,0.0,0.0
m65_n19_vd_1p000000_endpoint_vg_050,ContactCurrentFlux_region6.csv,1,0.0,0.0
m65_n19_vd_1p000000_endpoint_vg_050,ContactCurrentFlux_region7.csv,1,0.0,0.0
m65_n19_vd_1p000000_endpoint_vg_050,ContactExternalVoltage_region4.csv,1,0.0,0.0
m65_n19_vd_1p000000_endpoint_vg_050,ContactExternalVoltage_region5.csv,1,0.0,0.0
m65_n19_vd_1p000000_endpoint_vg_050,ContactExternalVoltage_region6.csv,1,0.0,0.0
m65_n19_vd_1p000000_endpoint_vg_050,ContactExternalVoltage_region7.csv,1,0.0,0.0
m65_n19_vd_1p000000_endpoint_vg_050,DonorConcentration_region0.csv,942,0.0,0.0
m65_n19_vd_1p000000_endpoint_vg_050,DopingConcentration_region0.csv,942,0.0,0.0
m65_n19_vd_1p000000_endpoint_vg_050,eCurrentDensity_region0_cells.csv,1750,0.0001220703125,1.40318011472027e-13
m65_n19_vd_1p000000_endpoint_vg_050,eDensity_region0.csv,942,128.0,2.6028022279494215e-16
m65_n19_vd_1p000000_endpoint_vg_050,EffectiveIntrinsicDensity_region0.csv,942,0.0,0.0
m65_n19_vd_1p000000_endpoint_vg_050,ElectricField_region0_cells.csv,1750,1.4551915228366852e-11,8.43722294635353e-16
m65_n19_vd_1p000000_endpoint_vg_050,ElectricField_region1_cells.csv,428,5.820766091346741e-11,8.764777181403972e-16
m65_n19_vd_1p000000_endpoint_vg_050,ElectricField_region2_cells.csv,282,4.547473508864641e-13,1.525564607412479e-15
m65_n19_vd_1p000000_endpoint_vg_050,ElectricField_region3_cells.csv,282,6.462348535570529e-27,7.367458016165593e-16
m65_n19_vd_1p000000_endpoint_vg_050,ElectrostaticPotential_region0.csv,942,1.1102230246251565e-16,2.0054672812629974e-16
m65_n19_vd_1p000000_endpoint_vg_050,ElectrostaticPotential_region1.csv,243,0.0,0.0
m65_n19_vd_1p000000_endpoint_vg_050,ElectrostaticPotential_region2.csv,176,0.0,0.0
m65_n19_vd_1p000000_endpoint_vg_050,ElectrostaticPotential_region3.csv,176,0.0,0.0
m65_n19_vd_1p000000_endpoint_vg_050,eMobility_region0_cells.csv,1750,1.1368683772161603e-13,4.435889999289145e-16
m65_n19_vd_1p000000_endpoint_vg_050,eQuasiFermiPotential_region0.csv,942,1.1102230246251565e-16,2.2158828016879176e-16
m65_n19_vd_1p000000_endpoint_vg_050,eQuasiFermiPotential_region1.csv,243,1.3877787807814457e-17,1.9140833974685e-16
m65_n19_vd_1p000000_endpoint_vg_050,eQuasiFermiPotential_region2.csv,176,2.168404344971009e-19,2.1645620565386835e-16
m65_n19_vd_1p000000_endpoint_vg_050,eQuasiFermiPotential_region3.csv,176,0.0,0.0
m65_n19_vd_1p000000_endpoint_vg_050,Extrapolation_eDensity_region0.csv,942,0.0,0.0
m65_n19_vd_1p000000_endpoint_vg_050,Extrapolation_ElectrostaticPotential_region0.csv,942,0.0,0.0
m65_n19_vd_1p000000_endpoint_vg_050,Extrapolation_ElectrostaticPotential_region1.csv,243,0.0,0.0
m65_n19_vd_1p000000_endpoint_vg_050,Extrapolation_ElectrostaticPotential_region2.csv,176,0.0,0.0
m65_n19_vd_1p000000_endpoint_vg_050,Extrapolation_ElectrostaticPotential_region3.csv,176,0.0,0.0
m65_n19_vd_1p000000_endpoint_vg_050,Extrapolation_hDensity_region0.csv,942,0.0,0.0
m65_n19_vd_1p000000_endpoint_vg_050,hCurrentDensity_region0_cells.csv,1750,6.938893903907228e-18,2.743925813619396e-09
m65_n19_vd_1p000000_endpoint_vg_050,hDensity_region0.csv,942,0.125,2.435888614076064e-16
m65_n19_vd_1p000000_endpoint_vg_050,hMobility_region0_cells.csv,1750,5.684341886080802e-14,3.393580281163278e-16
m65_n19_vd_1p000000_endpoint_vg_050,hQuasiFermiPotential_region0.csv,942,6.938893903907228e-18,2.213286208443921e-16
m65_n19_vd_1p000000_endpoint_vg_050,hQuasiFermiPotential_region1.csv,243,8.470329472543003e-22,2.039520474600123e-16
m65_n19_vd_1p000000_endpoint_vg_050,hQuasiFermiPotential_region2.csv,176,4.235164736271502e-22,1.5253910881135176e-16
m65_n19_vd_1p000000_endpoint_vg_050,hQuasiFermiPotential_region3.csv,176,0.0,0.0
m65_n19_vd_1p000000_endpoint_vg_050,LatticeTemperature_region0.csv,942,0.0,0.0
m65_n19_vd_1p000000_endpoint_vg_050,LatticeTemperature_region1.csv,243,0.0,0.0
m65_n19_vd_1p000000_endpoint_vg_050,LatticeTemperature_region2.csv,176,0.0,0.0
m65_n19_vd_1p000000_endpoint_vg_050,LatticeTemperature_region3.csv,176,0.0,0.0
m65_n19_vd_1p000000_endpoint_vg_050,QuasiFermiPotential_region0.csv,942,0.0,0.0
m65_n19_vd_1p000000_endpoint_vg_050,QuasiFermiPotential_region1.csv,243,0.0,0.0
m65_n19_vd_1p000000_endpoint_vg_050,QuasiFermiPotential_region2.csv,176,0.0,0.0
m65_n19_vd_1p000000_endpoint_vg_050,QuasiFermiPotential_region3.csv,176,0.0,0.0
m65_n19_vd_1p000000_endpoint_vg_050,srhRecombination_region0.csv,942,0.5,2.3713282180407623e-16
m65_n23_vd_0p050000_endpoint_vg_040,AcceptorConcentration_region0.csv,942,0.0,0.0
m65_n23_vd_0p050000_endpoint_vg_040,BandgapNarrowing_region0.csv,942,0.0,0.0
m65_n23_vd_0p050000_endpoint_vg_040,BandgapNarrowing_region1.csv,245,0.0,0.0
m65_n23_vd_0p050000_endpoint_vg_040,BandgapNarrowing_region2.csv,177,0.0,0.0
m65_n23_vd_0p050000_endpoint_vg_040,BandgapNarrowing_region3.csv,177,0.0,0.0
m65_n23_vd_0p050000_endpoint_vg_040,ContactCharge_region4.csv,1,0.0,0.0
m65_n23_vd_0p050000_endpoint_vg_040,ContactCharge_region5.csv,1,0.0,0.0
m65_n23_vd_0p050000_endpoint_vg_040,ContactCharge_region6.csv,1,0.0,0.0
m65_n23_vd_0p050000_endpoint_vg_040,ContactCharge_region7.csv,1,0.0,0.0
m65_n23_vd_0p050000_endpoint_vg_040,ContactCurrentFlux_region4.csv,1,0.0,0.0
m65_n23_vd_0p050000_endpoint_vg_040,ContactCurrentFlux_region5.csv,1,0.0,0.0
m65_n23_vd_0p050000_endpoint_vg_040,ContactCurrentFlux_region6.csv,1,0.0,0.0
m65_n23_vd_0p050000_endpoint_vg_040,ContactCurrentFlux_region7.csv,1,0.0,0.0
m65_n23_vd_0p050000_endpoint_vg_040,ContactExternalVoltage_region4.csv,1,0.0,0.0
m65_n23_vd_0p050000_endpoint_vg_040,ContactExternalVoltage_region5.csv,1,0.0,0.0
m65_n23_vd_0p050000_endpoint_vg_040,ContactExternalVoltage_region6.csv,1,0.0,0.0
m65_n23_vd_0p050000_endpoint_vg_040,ContactExternalVoltage_region7.csv,1,0.0,0.0
m65_n23_vd_0p050000_endpoint_vg_040,DonorConcentration_region0.csv,942,0.0,0.0
m65_n23_vd_0p050000_endpoint_vg_040,DopingConcentration_region0.csv,942,0.0,0.0
m65_n23_vd_0p050000_endpoint_vg_040,eCurrentDensity_region0_cells.csv,1750,2.9802322387695312e-08,8.633812573331422e-13
m65_n23_vd_0p050000_endpoint_vg_040,eDensity_region0.csv,942,4.547473508864641e-13,2.1797370453554783e-16
m65_n23_vd_0p050000_endpoint_vg_040,EffectiveIntrinsicDensity_region0.csv,942,0.0,0.0
m65_n23_vd_0p050000_endpoint_vg_040,ElectricField_region0_cells.csv,1750,0.0,0.0
m65_n23_vd_0p050000_endpoint_vg_040,ElectricField_region1_cells.csv,430,2.0194839173657902e-28,3.8455926455465244e-16
m65_n23_vd_0p050000_endpoint_vg_040,ElectricField_region2_cells.csv,283,2.8272774843121063e-27,2.3893325448154957e-15
m65_n23_vd_0p050000_endpoint_vg_040,ElectricField_region3_cells.csv,283,4.0389678347315804e-28,2.1633073885020606e-16
m65_n23_vd_0p050000_endpoint_vg_040,ElectrostaticPotential_region0.csv,942,0.0,0.0
m65_n23_vd_0p050000_endpoint_vg_040,ElectrostaticPotential_region1.csv,245,0.0,0.0
m65_n23_vd_0p050000_endpoint_vg_040,ElectrostaticPotential_region2.csv,177,0.0,0.0
m65_n23_vd_0p050000_endpoint_vg_040,ElectrostaticPotential_region3.csv,177,0.0,0.0
m65_n23_vd_0p050000_endpoint_vg_040,eMobility_region0_cells.csv,1750,1.1368683772161603e-13,2.4495804270904927e-16
m65_n23_vd_0p050000_endpoint_vg_040,eQuasiFermiPotential_region0.csv,942,6.938893903907228e-18,2.2093570525465626e-16
m65_n23_vd_0p050000_endpoint_vg_040,eQuasiFermiPotential_region1.csv,245,1.0842021724855044e-19,1.4654855961665578e-16
m65_n23_vd_0p050000_endpoint_vg_040,eQuasiFermiPotential_region2.csv,177,1.3234889800848443e-23,1.3120046010936477e-16
m65_n23_vd_0p050000_endpoint_vg_040,eQuasiFermiPotential_region3.csv,177,0.0,0.0
m65_n23_vd_0p050000_endpoint_vg_040,Extrapolation_eDensity_region0.csv,942,0.0,0.0
m65_n23_vd_0p050000_endpoint_vg_040,Extrapolation_ElectrostaticPotential_region0.csv,942,0.0,0.0
m65_n23_vd_0p050000_endpoint_vg_040,Extrapolation_ElectrostaticPotential_region1.csv,245,0.0,0.0
m65_n23_vd_0p050000_endpoint_vg_040,Extrapolation_ElectrostaticPotential_region2.csv,177,0.0,0.0
m65_n23_vd_0p050000_endpoint_vg_040,Extrapolation_ElectrostaticPotential_region3.csv,177,0.0,0.0
m65_n23_vd_0p050000_endpoint_vg_040,Extrapolation_hDensity_region0.csv,942,0.0,0.0
m65_n23_vd_0p050000_endpoint_vg_040,hCurrentDensity_region0_cells.csv,1750,1.734723475976807e-18,2.929481594852385e-08
m65_n23_vd_0p050000_endpoint_vg_040,hDensity_region0.csv,942,1.4210854715202004e-14,1.4045713264737617e-16
m65_n23_vd_0p050000_endpoint_vg_040,hMobility_region0_cells.csv,1750,5.684341886080802e-14,2.2196930918736417e-16
m65_n23_vd_0p050000_endpoint_vg_040,hQuasiFermiPotential_region0.csv,942,6.938893903907228e-18,2.1963549143015246e-16
m65_n23_vd_0p050000_endpoint_vg_040,hQuasiFermiPotential_region1.csv,245,2.6469779601696886e-23,1.2806102242357226e-16
m65_n23_vd_0p050000_endpoint_vg_040,hQuasiFermiPotential_region2.csv,177,0.0,0.0
m65_n23_vd_0p050000_endpoint_vg_040,hQuasiFermiPotential_region3.csv,177,8.673617379884035e-19,2.1963549143015246e-16
m65_n23_vd_0p050000_endpoint_vg_040,LatticeTemperature_region0.csv,942,0.0,0.0
m65_n23_vd_0p050000_endpoint_vg_040,LatticeTemperature_region1.csv,245,0.0,0.0
m65_n23_vd_0p050000_endpoint_vg_040,LatticeTemperature_region2.csv,177,0.0,0.0
m65_n23_vd_0p050000_endpoint_vg_040,LatticeTemperature_region3.csv,177,0.0,0.0
m65_n23_vd_0p050000_endpoint_vg_040,QuasiFermiPotential_region0.csv,942,0.0,0.0
m65_n23_vd_0p050000_endpoint_vg_040,QuasiFermiPotential_region1.csv,245,0.0,0.0
m65_n23_vd_0p050000_endpoint_vg_040,QuasiFermiPotential_region2.csv,177,0.0,0.0
m65_n23_vd_0p050000_endpoint_vg_040,QuasiFermiPotential_region3.csv,177,0.0,0.0
m65_n23_vd_0p050000_endpoint_vg_040,srhRecombination_region0.csv,942,0.0009765625,2.1226917281521817e-16
m65_n23_vd_0p050000_endpoint_vg_050,AcceptorConcentration_region0.csv,942,0.0,0.0
m65_n23_vd_0p050000_endpoint_vg_050,BandgapNarrowing_region0.csv,942,0.0,0.0
m65_n23_vd_0p050000_endpoint_vg_050,BandgapNarrowing_region1.csv,245,0.0,0.0
m65_n23_vd_0p050000_endpoint_vg_050,BandgapNarrowing_region2.csv,177,0.0,0.0
m65_n23_vd_0p050000_endpoint_vg_050,BandgapNarrowing_region3.csv,177,0.0,0.0
m65_n23_vd_0p050000_endpoint_vg_050,ContactCharge_region4.csv,1,0.0,0.0
m65_n23_vd_0p050000_endpoint_vg_050,ContactCharge_region5.csv,1,0.0,0.0
m65_n23_vd_0p050000_endpoint_vg_050,ContactCharge_region6.csv,1,0.0,0.0
m65_n23_vd_0p050000_endpoint_vg_050,ContactCharge_region7.csv,1,0.0,0.0
m65_n23_vd_0p050000_endpoint_vg_050,ContactCurrentFlux_region4.csv,1,0.0,0.0
m65_n23_vd_0p050000_endpoint_vg_050,ContactCurrentFlux_region5.csv,1,0.0,0.0
m65_n23_vd_0p050000_endpoint_vg_050,ContactCurrentFlux_region6.csv,1,0.0,0.0
m65_n23_vd_0p050000_endpoint_vg_050,ContactCurrentFlux_region7.csv,1,0.0,0.0
m65_n23_vd_0p050000_endpoint_vg_050,ContactExternalVoltage_region4.csv,1,0.0,0.0
m65_n23_vd_0p050000_endpoint_vg_050,ContactExternalVoltage_region5.csv,1,0.0,0.0
m65_n23_vd_0p050000_endpoint_vg_050,ContactExternalVoltage_region6.csv,1,0.0,0.0
m65_n23_vd_0p050000_endpoint_vg_050,ContactExternalVoltage_region7.csv,1,0.0,0.0
m65_n23_vd_0p050000_endpoint_vg_050,DonorConcentration_region0.csv,942,0.0,0.0
m65_n23_vd_0p050000_endpoint_vg_050,DopingConcentration_region0.csv,942,0.0,0.0
m65_n23_vd_0p050000_endpoint_vg_050,eCurrentDensity_region0_cells.csv,1750,1.9073486328125e-06,3.492498029172846e-13
m65_n23_vd_0p050000_endpoint_vg_050,eDensity_region0.csv,942,4.0,2.15364114706887e-16
m65_n23_vd_0p050000_endpoint_vg_050,EffectiveIntrinsicDensity_region0.csv,942,0.0,0.0
m65_n23_vd_0p050000_endpoint_vg_050,ElectricField_region0_cells.csv,1750,0.0,0.0
m65_n23_vd_0p050000_endpoint_vg_050,ElectricField_region1_cells.csv,430,4.0389678347315804e-28,1.038016794306496e-15
m65_n23_vd_0p050000_endpoint_vg_050,ElectricField_region2_cells.csv,283,8.077935669463161e-28,1.022227328530876e-15
m65_n23_vd_0p050000_endpoint_vg_050,ElectricField_region3_cells.csv,283,6.462348535570529e-27,1.0225765542343917e-15
m65_n23_vd_0p050000_endpoint_vg_050,ElectrostaticPotential_region0.csv,942,0.0,0.0
m65_n23_vd_0p050000_endpoint_vg_050,ElectrostaticPotential_region1.csv,245,0.0,0.0
m65_n23_vd_0p050000_endpoint_vg_050,ElectrostaticPotential_region2.csv,177,0.0,0.0
m65_n23_vd_0p050000_endpoint_vg_050,ElectrostaticPotential_region3.csv,177,0.0,0.0
m65_n23_vd_0p050000_endpoint_vg_050,eMobility_region0_cells.csv,1750,1.1368683772161603e-13,2.2170504972320785e-16
m65_n23_vd_0p050000_endpoint_vg_050,eQuasiFermiPotential_region0.csv,942,6.938893903907228e-18,2.2198930672629132e-16
m65_n23_vd_0p050000_endpoint_vg_050,eQuasiFermiPotential_region1.csv,245,0.0,0.0
m65_n23_vd_0p050000_endpoint_vg_050,eQuasiFermiPotential_region2.csv,177,4.235164736271502e-22,1.1895009248308403e-16
m65_n23_vd_0p050000_endpoint_vg_050,eQuasiFermiPotential_region3.csv,177,0.0,0.0
m65_n23_vd_0p050000_endpoint_vg_050,Extrapolation_eDensity_region0.csv,942,0.0,0.0
m65_n23_vd_0p050000_endpoint_vg_050,Extrapolation_ElectrostaticPotential_region0.csv,942,0.0,0.0
m65_n23_vd_0p050000_endpoint_vg_050,Extrapolation_ElectrostaticPotential_region1.csv,245,0.0,0.0
m65_n23_vd_0p050000_endpoint_vg_050,Extrapolation_ElectrostaticPotential_region2.csv,177,0.0,0.0
m65_n23_vd_0p050000_endpoint_vg_050,Extrapolation_ElectrostaticPotential_region3.csv,177,0.0,0.0
m65_n23_vd_0p050000_endpoint_vg_050,Extrapolation_hDensity_region0.csv,942,0.0,0.0
m65_n23_vd_0p050000_endpoint_vg_050,hCurrentDensity_region0_cells.csv,1750,1.734723475976807e-18,8.572268706037579e-08
m65_n23_vd_0p050000_endpoint_vg_050,hDensity_region0.csv,942,2.842170943040401e-14,2.026675279218347e-16
m65_n23_vd_0p050000_endpoint_vg_050,hMobility_region0_cells.csv,1750,5.684341886080802e-14,2.217207349995561e-16
m65_n23_vd_0p050000_endpoint_vg_050,hQuasiFermiPotential_region0.csv,942,6.938893903907228e-18,2.1941341102778252e-16
m65_n23_vd_0p050000_endpoint_vg_050,hQuasiFermiPotential_region1.csv,245,3.308722450212111e-24,1.7490744660723848e-16
m65_n23_vd_0p050000_endpoint_vg_050,hQuasiFermiPotential_region2.csv,177,3.308722450212111e-24,1.5673242266100727e-16
m65_n23_vd_0p050000_endpoint_vg_050,hQuasiFermiPotential_region3.csv,177,1.734723475976807e-18,1.4185964856211664e-16
m65_n23_vd_0p050000_endpoint_vg_050,LatticeTemperature_region0.csv,942,0.0,0.0
m65_n23_vd_0p050000_endpoint_vg_050,LatticeTemperature_region1.csv,245,0.0,0.0
m65_n23_vd_0p050000_endpoint_vg_050,LatticeTemperature_region2.csv,177,0.0,0.0
m65_n23_vd_0p050000_endpoint_vg_050,LatticeTemperature_region3.csv,177,0.0,0.0
m65_n23_vd_0p050000_endpoint_vg_050,QuasiFermiPotential_region0.csv,942,0.0,0.0
m65_n23_vd_0p050000_endpoint_vg_050,QuasiFermiPotential_region1.csv,245,0.0,0.0
m65_n23_vd_0p050000_endpoint_vg_050,QuasiFermiPotential_region2.csv,177,0.0,0.0
m65_n23_vd_0p050000_endpoint_vg_050,QuasiFermiPotential_region3.csv,177,0.0,0.0
m65_n23_vd_0p050000_endpoint_vg_050,srhRecombination_region0.csv,942,0.0078125,2.1019027572721038e-16
m65_n23_vd_1p000000_endpoint_vg_040,AcceptorConcentration_region0.csv,942,0.0,0.0
m65_n23_vd_1p000000_endpoint_vg_040,BandgapNarrowing_region0.csv,942,0.0,0.0
m65_n23_vd_1p000000_endpoint_vg_040,BandgapNarrowing_region1.csv,245,0.0,0.0
m65_n23_vd_1p000000_endpoint_vg_040,BandgapNarrowing_region2.csv,177,0.0,0.0
m65_n23_vd_1p000000_endpoint_vg_040,BandgapNarrowing_region3.csv,177,0.0,0.0
m65_n23_vd_1p000000_endpoint_vg_040,ContactCharge_region4.csv,1,0.0,0.0
m65_n23_vd_1p000000_endpoint_vg_040,ContactCharge_region5.csv,1,0.0,0.0
m65_n23_vd_1p000000_endpoint_vg_040,ContactCharge_region6.csv,1,0.0,0.0
m65_n23_vd_1p000000_endpoint_vg_040,ContactCharge_region7.csv,1,0.0,0.0
m65_n23_vd_1p000000_endpoint_vg_040,ContactCurrentFlux_region4.csv,1,0.0,0.0
m65_n23_vd_1p000000_endpoint_vg_040,ContactCurrentFlux_region5.csv,1,0.0,0.0
m65_n23_vd_1p000000_endpoint_vg_040,ContactCurrentFlux_region6.csv,1,1.6543612251060553e-24,1.3772126152046125e-16
m65_n23_vd_1p000000_endpoint_vg_040,ContactCurrentFlux_region7.csv,1,0.0,0.0
m65_n23_vd_1p000000_endpoint_vg_040,ContactExternalVoltage_region4.csv,1,0.0,0.0
m65_n23_vd_1p000000_endpoint_vg_040,ContactExternalVoltage_region5.csv,1,0.0,0.0
m65_n23_vd_1p000000_endpoint_vg_040,ContactExternalVoltage_region6.csv,1,0.0,0.0
m65_n23_vd_1p000000_endpoint_vg_040,ContactExternalVoltage_region7.csv,1,0.0,0.0
m65_n23_vd_1p000000_endpoint_vg_040,DonorConcentration_region0.csv,942,0.0,0.0
m65_n23_vd_1p000000_endpoint_vg_040,DopingConcentration_region0.csv,942,0.0,0.0
m65_n23_vd_1p000000_endpoint_vg_040,eCurrentDensity_region0_cells.csv,1750,1.1920928955078125e-07,5.753225863347001e-13
m65_n23_vd_1p000000_endpoint_vg_040,eDensity_region0.csv,942,0.125,2.799591023358657e-16
m65_n23_vd_1p000000_endpoint_vg_040,EffectiveIntrinsicDensity_region0.csv,942,0.0,0.0
m65_n23_vd_1p000000_endpoint_vg_040,ElectricField_region0_cells.csv,1750,0.0,0.0
m65_n23_vd_1p000000_endpoint_vg_040,ElectricField_region1_cells.csv,430,8.077935669463161e-28,6.888626895428371e-16
m65_n23_vd_1p000000_endpoint_vg_040,ElectricField_region2_cells.csv,283,5.2506581851510546e-27,1.9584511248315607e-15
m65_n23_vd_1p000000_endpoint_vg_040,ElectricField_region3_cells.csv,283,1.2924697071141057e-26,7.352012879876901e-16
m65_n23_vd_1p000000_endpoint_vg_040,ElectrostaticPotential_region0.csv,942,0.0,0.0
m65_n23_vd_1p000000_endpoint_vg_040,ElectrostaticPotential_region1.csv,245,0.0,0.0
m65_n23_vd_1p000000_endpoint_vg_040,ElectrostaticPotential_region2.csv,177,0.0,0.0
m65_n23_vd_1p000000_endpoint_vg_040,ElectrostaticPotential_region3.csv,177,0.0,0.0
m65_n23_vd_1p000000_endpoint_vg_040,eMobility_region0_cells.csv,1750,1.1368683772161603e-13,5.490077231990088e-16
m65_n23_vd_1p000000_endpoint_vg_040,eQuasiFermiPotential_region0.csv,942,5.551115123125783e-17,2.172641171476094e-16
m65_n23_vd_1p000000_endpoint_vg_040,eQuasiFermiPotential_region1.csv,245,1.734723475976807e-18,1.9862424522372077e-16
m65_n23_vd_1p000000_endpoint_vg_040,eQuasiFermiPotential_region2.csv,177,1.0587911840678754e-22,1.949909797874898e-16
m65_n23_vd_1p000000_endpoint_vg_040,eQuasiFermiPotential_region3.csv,177,0.0,0.0
m65_n23_vd_1p000000_endpoint_vg_040,Extrapolation_eDensity_region0.csv,942,0.0,0.0
m65_n23_vd_1p000000_endpoint_vg_040,Extrapolation_ElectrostaticPotential_region0.csv,942,0.0,0.0
m65_n23_vd_1p000000_endpoint_vg_040,Extrapolation_ElectrostaticPotential_region1.csv,245,0.0,0.0
m65_n23_vd_1p000000_endpoint_vg_040,Extrapolation_ElectrostaticPotential_region2.csv,177,0.0,0.0
m65_n23_vd_1p000000_endpoint_vg_040,Extrapolation_ElectrostaticPotential_region3.csv,177,0.0,0.0
m65_n23_vd_1p000000_endpoint_vg_040,Extrapolation_hDensity_region0.csv,942,0.0,0.0
m65_n23_vd_1p000000_endpoint_vg_040,hCurrentDensity_region0_cells.csv,1750,1.3877787807814457e-17,3.324894431122649e-09
m65_n23_vd_1p000000_endpoint_vg_040,hDensity_region0.csv,942,3.637978807091713e-12,2.203076683895424e-16
m65_n23_vd_1p000000_endpoint_vg_040,hMobility_region0_cells.csv,1750,5.684341886080802e-14,3.7210981071643956e-16
m65_n23_vd_1p000000_endpoint_vg_040,hQuasiFermiPotential_region0.csv,942,1.1102230246251565e-16,2.2082056520420358e-16
m65_n23_vd_1p000000_endpoint_vg_040,hQuasiFermiPotential_region1.csv,245,1.1102230246251565e-16,2.2063175916482036e-16
m65_n23_vd_1p000000_endpoint_vg_040,hQuasiFermiPotential_region2.csv,177,1.0339757656912846e-25,2.059415854778914e-16
m65_n23_vd_1p000000_endpoint_vg_040,hQuasiFermiPotential_region3.csv,177,1.1102230246251565e-16,1.1859820351338045e-16
m65_n23_vd_1p000000_endpoint_vg_040,LatticeTemperature_region0.csv,942,0.0,0.0
m65_n23_vd_1p000000_endpoint_vg_040,LatticeTemperature_region1.csv,245,0.0,0.0
m65_n23_vd_1p000000_endpoint_vg_040,LatticeTemperature_region2.csv,177,0.0,0.0
m65_n23_vd_1p000000_endpoint_vg_040,LatticeTemperature_region3.csv,177,0.0,0.0
m65_n23_vd_1p000000_endpoint_vg_040,QuasiFermiPotential_region0.csv,942,0.0,0.0
m65_n23_vd_1p000000_endpoint_vg_040,QuasiFermiPotential_region1.csv,245,0.0,0.0
m65_n23_vd_1p000000_endpoint_vg_040,QuasiFermiPotential_region2.csv,177,0.0,0.0
m65_n23_vd_1p000000_endpoint_vg_040,QuasiFermiPotential_region3.csv,177,0.0,0.0
m65_n23_vd_1p000000_endpoint_vg_040,srhRecombination_region0.csv,942,0.5,4.373254627934581e-16
m65_n23_vd_1p000000_endpoint_vg_050,AcceptorConcentration_region0.csv,942,0.0,0.0
m65_n23_vd_1p000000_endpoint_vg_050,BandgapNarrowing_region0.csv,942,0.0,0.0
m65_n23_vd_1p000000_endpoint_vg_050,BandgapNarrowing_region1.csv,245,0.0,0.0
m65_n23_vd_1p000000_endpoint_vg_050,BandgapNarrowing_region2.csv,177,0.0,0.0
m65_n23_vd_1p000000_endpoint_vg_050,BandgapNarrowing_region3.csv,177,0.0,0.0
m65_n23_vd_1p000000_endpoint_vg_050,ContactCharge_region4.csv,1,0.0,0.0
m65_n23_vd_1p000000_endpoint_vg_050,ContactCharge_region5.csv,1,0.0,0.0
m65_n23_vd_1p000000_endpoint_vg_050,ContactCharge_region6.csv,1,0.0,0.0
m65_n23_vd_1p000000_endpoint_vg_050,ContactCharge_region7.csv,1,0.0,0.0
m65_n23_vd_1p000000_endpoint_vg_050,ContactCurrentFlux_region4.csv,1,0.0,0.0
m65_n23_vd_1p000000_endpoint_vg_050,ContactCurrentFlux_region5.csv,1,0.0,0.0
m65_n23_vd_1p000000_endpoint_vg_050,ContactCurrentFlux_region6.csv,1,0.0,0.0
m65_n23_vd_1p000000_endpoint_vg_050,ContactCurrentFlux_region7.csv,1,0.0,0.0
m65_n23_vd_1p000000_endpoint_vg_050,ContactExternalVoltage_region4.csv,1,0.0,0.0
m65_n23_vd_1p000000_endpoint_vg_050,ContactExternalVoltage_region5.csv,1,0.0,0.0
m65_n23_vd_1p000000_endpoint_vg_050,ContactExternalVoltage_region6.csv,1,0.0,0.0
m65_n23_vd_1p000000_endpoint_vg_050,ContactExternalVoltage_region7.csv,1,0.0,0.0
m65_n23_vd_1p000000_endpoint_vg_050,DonorConcentration_region0.csv,942,0.0,0.0
m65_n23_vd_1p000000_endpoint_vg_050,DopingConcentration_region0.csv,942,0.0,0.0
m65_n23_vd_1p000000_endpoint_vg_050,eCurrentDensity_region0_cells.csv,1750,1.52587890625e-05,6.34315497666723e-13
m65_n23_vd_1p000000_endpoint_vg_050,eDensity_region0.csv,942,8.0,5.128066062364067e-16
m65_n23_vd_1p000000_endpoint_vg_050,EffectiveIntrinsicDensity_region0.csv,942,0.0,0.0
m65_n23_vd_1p000000_endpoint_vg_050,ElectricField_region0_cells.csv,1750,2.9103830456733704e-11,1.8540343018989809e-16
m65_n23_vd_1p000000_endpoint_vg_050,ElectricField_region1_cells.csv,430,7.105427357601002e-15,3.413159471909105e-16
m65_n23_vd_1p000000_endpoint_vg_050,ElectricField_region2_cells.csv,283,1.9387045606711586e-26,4.570249075467024e-15
m65_n23_vd_1p000000_endpoint_vg_050,ElectricField_region3_cells.csv,283,1.2924697071141057e-26,3.7382934621605336e-16
m65_n23_vd_1p000000_endpoint_vg_050,ElectrostaticPotential_region0.csv,942,0.0,0.0
m65_n23_vd_1p000000_endpoint_vg_050,ElectrostaticPotential_region1.csv,245,0.0,0.0
m65_n23_vd_1p000000_endpoint_vg_050,ElectrostaticPotential_region2.csv,177,0.0,0.0
m65_n23_vd_1p000000_endpoint_vg_050,ElectrostaticPotential_region3.csv,177,0.0,0.0
m65_n23_vd_1p000000_endpoint_vg_050,eMobility_region0_cells.csv,1750,1.1368683772161603e-13,5.354197143897476e-16
m65_n23_vd_1p000000_endpoint_vg_050,eQuasiFermiPotential_region0.csv,942,1.1102230246251565e-16,2.2192546857195845e-16
m65_n23_vd_1p000000_endpoint_vg_050,eQuasiFermiPotential_region1.csv,245,1.1102230246251565e-16,2.178945803740831e-16
m65_n23_vd_1p000000_endpoint_vg_050,eQuasiFermiPotential_region2.csv,177,6.776263578034403e-21,1.4855554388681864e-16
m65_n23_vd_1p000000_endpoint_vg_050,eQuasiFermiPotential_region3.csv,177,0.0,0.0
m65_n23_vd_1p000000_endpoint_vg_050,Extrapolation_eDensity_region0.csv,942,0.0,0.0
m65_n23_vd_1p000000_endpoint_vg_050,Extrapolation_ElectrostaticPotential_region0.csv,942,0.0,0.0
m65_n23_vd_1p000000_endpoint_vg_050,Extrapolation_ElectrostaticPotential_region1.csv,245,0.0,0.0
m65_n23_vd_1p000000_endpoint_vg_050,Extrapolation_ElectrostaticPotential_region2.csv,177,0.0,0.0
m65_n23_vd_1p000000_endpoint_vg_050,Extrapolation_ElectrostaticPotential_region3.csv,177,0.0,0.0
m65_n23_vd_1p000000_endpoint_vg_050,Extrapolation_hDensity_region0.csv,942,0.0,0.0
m65_n23_vd_1p000000_endpoint_vg_050,hCurrentDensity_region0_cells.csv,1750,1.3877787807814457e-17,8.719701284422926e-09
m65_n23_vd_1p000000_endpoint_vg_050,hDensity_region0.csv,942,32.0,2.882143146226958e-16
m65_n23_vd_1p000000_endpoint_vg_050,hMobility_region0_cells.csv,1750,5.684341886080802e-14,3.344212657970251e-16
m65_n23_vd_1p000000_endpoint_vg_050,hQuasiFermiPotential_region0.csv,942,1.1102230246251565e-16,2.2088068075579033e-16
m65_n23_vd_1p000000_endpoint_vg_050,hQuasiFermiPotential_region1.csv,245,3.308722450212111e-24,1.463415623217342e-16
m65_n23_vd_1p000000_endpoint_vg_050,hQuasiFermiPotential_region2.csv,177,2.6469779601696886e-23,1.5424023620202784e-16
m65_n23_vd_1p000000_endpoint_vg_050,hQuasiFermiPotential_region3.csv,177,1.1102230246251565e-16,1.3326479949785596e-16
m65_n23_vd_1p000000_endpoint_vg_050,LatticeTemperature_region0.csv,942,0.0,0.0
m65_n23_vd_1p000000_endpoint_vg_050,LatticeTemperature_region1.csv,245,0.0,0.0
m65_n23_vd_1p000000_endpoint_vg_050,LatticeTemperature_region2.csv,177,0.0,0.0
m65_n23_vd_1p000000_endpoint_vg_050,LatticeTemperature_region3.csv,177,0.0,0.0
m65_n23_vd_1p000000_endpoint_vg_050,QuasiFermiPotential_region0.csv,942,0.0,0.0
m65_n23_vd_1p000000_endpoint_vg_050,QuasiFermiPotential_region1.csv,245,0.0,0.0
m65_n23_vd_1p000000_endpoint_vg_050,QuasiFermiPotential_region2.csv,177,0.0,0.0
m65_n23_vd_1p000000_endpoint_vg_050,QuasiFermiPotential_region3.csv,177,0.0,0.0
m65_n23_vd_1p000000_endpoint_vg_050,srhRecombination_region0.csv,942,2.0,4.3329780389432926e-16
