key,label,node_id,x_um,y_um,psi_delta_V,phin_delta_V,phip_delta_V,electron_density_relative,hole_density_relative,SRH_cm3_s,native_SRH_cm3_s,SRH_relative,SRH_volume_ratio,qualified_state
m65_n19_vd_0p050000_endpoint_vg016,node_792/finite,791,0.1707979,0.3,-2.91e-16,-9.91146585e-14,-3.4923771885036e-11,3.8256064982533644e-12,-1.350904610397663e-09,-6934895535558665.0,-6934895533749498.0,2.608787675597235e-10,1.1795846219465982,True
m65_n19_vd_0p050000_endpoint_vg016,node_792/finite,1000,0.04664907,0.09890192,-1.1e-16,-4.2e-18,3.5134710530283e-11,-1.1102230246251565e-16,1.3590724101675278e-09,-169553655210.14706,-169553655249.1721,-2.30163274019143e-10,1.0,True
m65_n19_vd_0p050000_endpoint_vg016,node_792/finite,1009,0.03360702,0.09890192,-1.2e-16,-2.226e-18,-7.559049634507e-11,-3.4416913763379853e-15,-2.923968955848011e-09,-23782006837.17135,-23782006825.3795,4.958306216790743e-10,1.0,True
m65_n19_vd_0p050000_endpoint_vg016,node_792/finite,1056,0.005045937247938845,0.11270390000000001,0.0,1.082e-18,-4.24643903831636e-08,1.7763568394002505e-15,-1.6425949023179953e-06,-266312085.3994612,-266312011.1971158,2.786293606041164e-07,1.0,True
m65_n19_vd_0p050000_endpoint_vg016,node_792/finite_native_seed,791,0.1707979,0.3,-2.91e-16,-9.91146568e-14,-3.4923771885023e-11,3.8256064982533644e-12,-1.350904610397663e-09,-6934895535558665.0,-6934895533749498.0,2.608787675597235e-10,1.1795846219465982,True
m65_n19_vd_0p050000_endpoint_vg016,node_792/finite_native_seed,1000,0.04664907,0.09890192,-1.1e-16,-4.234e-18,3.5134710530283e-11,-1.1102230246251565e-16,1.3590724101675278e-09,-169553655210.14706,-169553655249.1721,-2.30163274019143e-10,1.0,True
m65_n19_vd_0p050000_endpoint_vg016,node_792/finite_native_seed,1009,0.03360702,0.09890192,-1.2e-16,-2.348e-18,-7.559049634502e-11,-3.4416913763379853e-15,-2.923968955848011e-09,-23782006837.17135,-23782006825.3795,4.958306216790743e-10,1.0,True
m65_n19_vd_0p050000_endpoint_vg016,node_792/finite_native_seed,1056,0.005045937247938845,0.11270390000000001,0.0,1.055e-18,-4.2464390383167e-08,1.7763568394002505e-15,-1.6425949023179953e-06,-266312085.3994612,-266312011.1971158,2.786293606041164e-07,1.0,True
m65_n19_vd_0p050000_endpoint_vg016,node_1057/finite,791,0.1707979,0.3,-6.66e-16,4.90820291567e-11,-5.651987635968327e-09,-1.89860094312877e-09,-2.1862863508470554e-07,-6934895835920437.0,-6934895533749498.0,4.357252932354194e-08,1.0,True
m65_n19_vd_0p050000_endpoint_vg016,node_1057/finite,1000,0.04664907,0.09890192,-1.7e-16,-3.102e-18,3.5086691197673e-11,-3.6637359812630166e-15,1.3572158952257496e-09,-169553655210.20102,-169553655249.1721,-2.2984505570621008e-10,1.0,True
m65_n19_vd_0p050000_endpoint_vg016,node_1057/finite,1009,0.03360702,0.09890192,-1.2e-16,-1.373e-18,-7.666458756513e-11,-3.4416913763379853e-15,-2.965518053343885e-09,-23782006837.338905,-23782006825.3795,5.028761483213634e-10,1.0,True
m65_n19_vd_0p050000_endpoint_vg016,node_1057/finite,1056,0.005045937247938845,0.11270390000000001,0.0,2.045e-18,-4.33163507283664e-08,1.7763568394002505e-15,-1.6755501464071898e-06,-266312086.8881769,-266312011.1971158,2.8421947902108683e-07,0.2172763675559691,True
m65_n19_vd_0p050000_endpoint_vg016,node_1057/finite_native_seed,791,0.1707979,0.3,-6.66e-16,4.90820291584e-11,-5.651987635968327e-09,-1.89860094312877e-09,-2.1862863508470554e-07,-6934895835920437.0,-6934895533749498.0,4.357252932354194e-08,1.0,True
m65_n19_vd_0p050000_endpoint_vg016,node_1057/finite_native_seed,1000,0.04664907,0.09890192,-1.7e-16,-3.055e-18,3.5086691197706e-11,-3.6637359812630166e-15,1.3572158952257496e-09,-169553655210.20102,-169553655249.1721,-2.2984505570621008e-10,1.0,True
m65_n19_vd_0p050000_endpoint_vg016,node_1057/finite_native_seed,1009,0.03360702,0.09890192,-1.2e-16,-1.345e-18,-7.666458756513e-11,-3.4416913763379853e-15,-2.965518053343885e-09,-23782006837.338905,-23782006825.3795,5.028761483213634e-10,1.0,True
m65_n19_vd_0p050000_endpoint_vg016,node_1057/finite_native_seed,1056,0.005045937247938845,0.11270390000000001,0.0,2.112e-18,-4.33163507283673e-08,1.7763568394002505e-15,-1.6755501464071898e-06,-266312086.8881769,-266312011.1971158,2.8421947902108683e-07,0.2172763675559691,True
m65_n19_vd_0p050000_endpoint_vg016,joint/finite,791,0.1707979,0.3,-2.91e-16,-9.91146585e-14,-3.492377188505e-11,3.8256064982533644e-12,-1.350904610397663e-09,-6934895535558665.0,-6934895533749498.0,2.608787675597235e-10,1.1795846219465982,True
m65_n19_vd_0p050000_endpoint_vg016,joint/finite,1000,0.04664907,0.09890192,-1.1e-16,-4.2e-18,3.508704319085e-11,-1.1102230246251565e-16,1.357226331322181e-09,-169553655210.2,-169553655249.1721,-2.2985099530141756e-10,1.0,True
m65_n19_vd_0p050000_endpoint_vg016,joint/finite,1009,0.03360702,0.09890192,-1.2e-16,-2.226e-18,-7.666406080855e-11,-3.4416913763379853e-15,-2.9654969591064173e-09,-23782006837.338825,-23782006825.3795,5.028727798654056e-10,1.0,True
m65_n19_vd_0p050000_endpoint_vg016,joint/finite,1056,0.005045937247938845,0.11270390000000001,0.0,1.082e-18,-4.33162741672903e-08,1.7763568394002505e-15,-1.6755471869966954e-06,-266312086.8880431,-266312011.1971158,2.84218976668134e-07,0.2172763675559691,True
m65_n19_vd_0p050000_endpoint_vg016,joint/finite_native_seed,791,0.1707979,0.3,-2.91e-16,-9.91146568e-14,-3.4923771885036e-11,3.8256064982533644e-12,-1.350904610397663e-09,-6934895535558665.0,-6934895533749498.0,2.608787675597235e-10,1.1795846219465982,True
m65_n19_vd_0p050000_endpoint_vg016,joint/finite_native_seed,1000,0.04664907,0.09890192,-1.1e-16,-4.234e-18,3.5087043190844e-11,-1.1102230246251565e-16,1.357226331322181e-09,-169553655210.2,-169553655249.1721,-2.2985099530141756e-10,1.0,True
m65_n19_vd_0p050000_endpoint_vg016,joint/finite_native_seed,1009,0.03360702,0.09890192,-1.2e-16,-2.348e-18,-7.666406080848e-11,-3.4416913763379853e-15,-2.9654969591064173e-09,-23782006837.338825,-23782006825.3795,5.028727798654056e-10,1.0,True
m65_n19_vd_0p050000_endpoint_vg016,joint/finite_native_seed,1056,0.005045937247938845,0.11270390000000001,0.0,1.055e-18,-4.33162741672936e-08,1.7763568394002505e-15,-1.6755471869966954e-06,-266312086.8880431,-266312011.1971158,2.84218976668134e-07,0.2172763675559691,True
m65_n19_vd_1p000000_endpoint_vg016,node_792/finite,791,0.1707979,0.3,1.1e-16,-1.318541700549551e-06,-4.162456184686e-05,5.1004779816565815e-05,-0.0016088146903072698,-1.337022001316321e+16,-1.3370220016434554e+16,-2.4467390932826037e-10,1.1795846219465982,True
m65_n19_vd_1p000000_endpoint_vg016,node_792/finite,1000,0.04664907,0.09890192,0.0,-4.76e-16,1.910518891846e-05,1.6653345369377348e-14,0.0007392949765232526,-45313056617808.13,-45313056620329.65,-5.564655781505424e-11,1.0,True
m65_n19_vd_1p000000_endpoint_vg016,node_792/finite,1009,0.03360702,0.09890192,0.0,-1.3e-16,1.866887160323e-05,3.774758283725532e-15,0.0007224051313441393,-1890100147650.1587,-1890100147799.5696,-7.904919157104837e-11,1.0,True
m65_n19_vd_1p000000_endpoint_vg016,node_792/finite,1056,0.005045937247938845,0.11270390000000001,0.0,8.1e-17,0.00255694160736142,4.6629367034256575e-15,0.10396355406468039,-1162999522960.311,-1162999537231.8896,-1.22713536475257e-08,1.0,True
m65_n19_vd_1p000000_endpoint_vg016,node_792/finite_native_seed,791,0.1707979,0.3,2.2e-16,-1.318541700549727e-06,-4.162585240192e-05,5.100477982011853e-05,-0.001608864530906029,-1.3370220013163262e+16,-1.3370220016434554e+16,-2.446700200878488e-10,1.1795846219465982,True
m65_n19_vd_1p000000_endpoint_vg016,node_792/finite_native_seed,1000,0.04664907,0.09890192,0.0,-4.76e-16,1.910518891846e-05,1.6653345369377348e-14,0.0007392949765232526,-45313056617808.13,-45313056620329.65,-5.564655781505424e-11,1.0,True
m65_n19_vd_1p000000_endpoint_vg016,node_792/finite_native_seed,1009,0.03360702,0.09890192,0.0,-8e-17,1.866887160323e-05,3.774758283725532e-15,0.0007224051313441393,-1890100147650.1587,-1890100147799.5696,-7.904919157104837e-11,1.0,True
m65_n19_vd_1p000000_endpoint_vg016,node_792/finite_native_seed,1056,0.005045937247938845,0.11270390000000001,0.0,8.1e-17,0.00255694160736142,4.6629367034256575e-15,0.10396355406468039,-1162999522960.311,-1162999537231.8896,-1.22713536475257e-08,1.0,True
m65_n19_vd_1p000000_endpoint_vg016,node_1057/finite,791,0.1707979,0.3,-3.3e-16,3.890548759263467e-06,-0.00392696204336806,-0.00015048184806076836,-0.14092727702570695,-1.3370220172514992e+16,-1.3370220016434554e+16,1.1673737440980577e-08,1.0,True
m65_n19_vd_1p000000_endpoint_vg016,node_1057/finite,1000,0.04664907,0.09890192,0.0,-4.76e-16,1.910143158202e-05,1.6653345369377348e-14,0.0007391495287971672,-45313056617808.625,-45313056620329.65,-5.5635695879517116e-11,1.0,True
m65_n19_vd_1p000000_endpoint_vg016,node_1057/finite,1009,0.03360702,0.09890192,0.0,-6e-17,1.830396637564e-05,1.9984014443252818e-15,0.0007082798672743973,-1890100147653.0825,-1890100147799.5696,-7.750227453154446e-11,1.0,True
m65_n19_vd_1p000000_endpoint_vg016,node_1057/finite,1056,0.005045937247938845,0.11270390000000001,0.0,7.8e-17,0.00094067686829924,4.6629367034256575e-15,0.03705712264094063,-1162999532144.875,-1162999537231.8896,-4.374047009980197e-09,0.2172763675559691,True
m65_n19_vd_1p000000_endpoint_vg016,node_1057/finite_native_seed,791,0.1707979,0.3,-4.5e-16,3.89054875926329e-06,-0.00392696204336812,-0.00015048184806421006,-0.14092727702570695,-1.3370220172514992e+16,-1.3370220016434554e+16,1.1673737440980577e-08,1.0,False
m65_n19_vd_1p000000_endpoint_vg016,node_1057/finite_native_seed,1000,0.04664907,0.09890192,0.0,-4.07e-16,1.910143158213e-05,1.3322676295501878e-14,0.0007391495288042726,-45313056617808.78,-45313056620329.65,-5.563224764601327e-11,1.0,False
m65_n19_vd_1p000000_endpoint_vg016,node_1057/finite_native_seed,1009,0.03360702,0.09890192,0.0,-3e-17,1.830396637564e-05,-1.7763568394002505e-15,0.0007082798672743973,-1890100147653.0898,-1890100147799.5696,-7.749839948886033e-11,1.0,False
m65_n19_vd_1p000000_endpoint_vg016,node_1057/finite_native_seed,1056,0.005045937247938845,0.11270390000000001,0.0,9.5e-17,0.00094067732412206,2.6645352591003757e-15,0.037057140926347376,-1162999532144.875,-1162999537231.8896,-4.374047009980197e-09,0.2172763675559691,False
m65_n19_vd_1p000000_endpoint_vg016,joint/finite,791,0.1707979,0.3,1.1e-16,-1.318541700549551e-06,-4.162456184692e-05,5.1004779816565815e-05,-0.0016088146903108225,-1.337022001316321e+16,-1.3370220016434554e+16,-2.4467390932826037e-10,1.1795846219465982,True
m65_n19_vd_1p000000_endpoint_vg016,joint/finite,1000,0.04664907,0.09890192,0.0,-4.76e-16,1.910143158213e-05,1.6653345369377348e-14,0.0007391495288042726,-45313056617808.63,-45313056620329.65,-5.5635523467841924e-11,1.0,True
m65_n19_vd_1p000000_endpoint_vg016,joint/finite,1009,0.03360702,0.09890192,0.0,-1.3e-16,1.830396637564e-05,3.774758283725532e-15,0.0007082798672743973,-1890100147653.0796,-1890100147799.5696,-7.750382454861811e-11,1.0,True
m65_n19_vd_1p000000_endpoint_vg016,joint/finite,1056,0.005045937247938845,0.11270390000000001,0.0,8.1e-17,0.0009406770156084,4.6629367034256575e-15,0.03705712855027121,-1162999532144.8745,-1162999537231.8896,-4.374047429826667e-09,0.2172763675559691,True
m65_n19_vd_1p000000_endpoint_vg016,joint/finite_native_seed,791,0.1707979,0.3,2.2e-16,-1.318541700549727e-06,-4.162401942359e-05,5.100477982011853e-05,-0.0016087937421944698,-1.3370220013163192e+16,-1.3370220016434554e+16,-2.446752556037875e-10,1.1795846219465982,True
m65_n19_vd_1p000000_endpoint_vg016,joint/finite_native_seed,1000,0.04664907,0.09890192,0.0,-4.76e-16,1.910143158213e-05,1.6653345369377348e-14,0.0007391495288042726,-45313056617808.63,-45313056620329.65,-5.5635523467841924e-11,1.0,True
m65_n19_vd_1p000000_endpoint_vg016,joint/finite_native_seed,1009,0.03360702,0.09890192,0.0,-8e-17,1.830396637553e-05,3.774758283725532e-15,0.0007082798672708446,-1890100147653.0796,-1890100147799.5696,-7.750382454861811e-11,1.0,True
m65_n19_vd_1p000000_endpoint_vg016,joint/finite_native_seed,1056,0.005045937247938845,0.11270390000000001,0.0,8.1e-17,0.00094067702973477,4.6629367034256575e-15,0.03705712911695236,-1162999532144.8745,-1162999537231.8896,-4.374047429826667e-09,0.2172763675559691,True
m65_n23_vd_0p050000_endpoint_vg016,node_792/finite,792,0.1707979,0.3,-5e-17,3.0927972646292e-11,-9.4026871336914e-16,-1.1963465773590087e-09,-3.7969627442180354e-14,-51210072789695.125,-51210072779340.07,2.0220738080414503e-10,1.1795846219465982,True
m65_n23_vd_0p050000_endpoint_vg016,node_792/finite,1000,0.04664907,0.09890192,-6e-17,-7.378947e-17,2.8516724162491e-11,3.3306690738754696e-15,1.1030740765249902e-09,-19196253188271.062,-19196253191849.426,-1.8640946467456182e-10,1.0,True
m65_n23_vd_0p050000_endpoint_vg016,node_792/finite,1009,0.03360702,0.09890192,-6e-17,-1.4092e-18,4.8571991789324e-11,1.7763568394002505e-15,1.878849298364571e-09,-790889475303.5916,-790889475554.7035,-3.17505727713017e-10,1.0,True
m65_n23_vd_0p050000_endpoint_vg016,node_792/finite,1057,0.005045938170817487,0.11270390000000001,0.0,2.2753e-18,-2.4467969295067e-08,1.5543122344752192e-15,-9.464630311706301e-07,-586861086.7723978,-586860992.8920144,1.5997039249391946e-07,1.0,True
m65_n23_vd_0p050000_endpoint_vg016,node_792/finite_native_seed,792,0.1707979,0.3,-5e-17,3.0927972646292e-11,-9.4026871336873e-16,-1.1963465773590087e-09,-3.7969627442180354e-14,-51210072789695.125,-51210072779340.07,2.0220738080414503e-10,1.1795846219465982,True
m65_n23_vd_0p050000_endpoint_vg016,node_792/finite_native_seed,1000,0.04664907,0.09890192,-6e-17,-7.378915e-17,2.8516724162485e-11,3.3306690738754696e-15,1.1030740765249902e-09,-19196253188271.062,-19196253191849.426,-1.8640946467456182e-10,1.0,True
m65_n23_vd_0p050000_endpoint_vg016,node_792/finite_native_seed,1009,0.03360702,0.09890192,-6e-17,-1.4092e-18,4.8571991789337e-11,1.7763568394002505e-15,1.878849298364571e-09,-790889475303.5916,-790889475554.7035,-3.17505727713017e-10,1.0,True
m65_n23_vd_0p050000_endpoint_vg016,node_792/finite_native_seed,1057,0.005045938170817487,0.11270390000000001,0.0,2.2753e-18,-2.4467969295067e-08,1.5543122344752192e-15,-9.464630311706301e-07,-586861086.7723978,-586860992.8920144,1.5997039249391946e-07,1.0,True
m65_n23_vd_0p050000_endpoint_vg016,node_1057/finite,792,0.1707979,0.3,-5e-17,2.751569664712692e-09,-7.45683619462503e-15,-1.0643547920796692e-07,-2.901012763345534e-13,-51210073700418.586,-51210072779340.07,1.798627624674252e-08,1.0,True
m65_n23_vd_0p050000_endpoint_vg016,node_1057/finite,1000,0.04664907,0.09890192,-6e-17,-7.378259e-17,2.8515767449478e-11,3.3306690738754696e-15,1.1030385493882022e-09,-19196253188271.176,-19196253191849.426,-1.8640356345785728e-10,1.0,True
m65_n23_vd_0p050000_endpoint_vg016,node_1057/finite,1009,0.03360702,0.09890192,-6e-17,-1.40237e-18,4.850399904099e-11,1.7763568394002505e-15,1.8762182918408143e-09,-790889475303.9427,-790889475554.7035,-3.170616754150443e-10,1.0,True
m65_n23_vd_0p050000_endpoint_vg016,node_1057/finite,1057,0.005045938170817487,0.11270390000000001,0.0,2.28218e-18,-2.58096591435156e-08,1.5543122344752192e-15,-9.983618710629472e-07,-586861091.9202828,-586860992.8920144,1.6874229102952287e-07,0.217274908657317,True
m65_n23_vd_0p050000_endpoint_vg016,node_1057/finite_native_seed,792,0.1707979,0.3,-2e-17,2.751569664712679e-09,-7.45683619462533e-15,-1.0643547920796692e-07,-2.9121149935917856e-13,-51210073700418.64,-51210072779340.07,1.7986277314647662e-08,1.0,True
m65_n23_vd_0p050000_endpoint_vg016,node_1057/finite_native_seed,1000,0.04664907,0.09890192,-6e-17,-7.37824e-17,2.8515767449464e-11,3.3306690738754696e-15,1.1030385493882022e-09,-19196253188271.176,-19196253191849.426,-1.8640356345785728e-10,1.0,True
m65_n23_vd_0p050000_endpoint_vg016,node_1057/finite_native_seed,1009,0.03360702,0.09890192,-6e-17,-1.40247e-18,4.8503999040977e-11,1.7763568394002505e-15,1.8762182918408143e-09,-790889475303.9427,-790889475554.7035,-3.170616754150443e-10,1.0,True
m65_n23_vd_0p050000_endpoint_vg016,node_1057/finite_native_seed,1057,0.005045938170817487,0.11270390000000001,0.0,2.28218e-18,-2.58096591435164e-08,1.5543122344752192e-15,-9.983618710629472e-07,-586861091.9202828,-586860992.8920144,1.6874229102952287e-07,0.217274908657317,True
m65_n23_vd_0p050000_endpoint_vg016,joint/finite,792,0.1707979,0.3,-5e-17,3.0927972646292e-11,-9.4026871354615e-16,-1.1963465773590087e-09,-3.7969627442180354e-14,-51210072789695.125,-51210072779340.07,2.0220738080414503e-10,1.1795846219465982,True
m65_n23_vd_0p050000_endpoint_vg016,joint/finite,1000,0.04664907,0.09890192,-6e-17,-7.378947e-17,2.8515768985552e-11,3.3306690738754696e-15,1.1030385493882022e-09,-19196253188271.184,-19196253191849.426,-1.8640315647739492e-10,1.0,True
m65_n23_vd_0p050000_endpoint_vg016,joint/finite,1009,0.03360702,0.09890192,-6e-17,-1.4092e-18,4.8504000572293e-11,1.7763568394002505e-15,1.8762182918408143e-09,-790889475303.9431,-790889475554.7035,-3.170612123782372e-10,1.0,True
m65_n23_vd_0p050000_endpoint_vg016,joint/finite,1057,0.005045938170817487,0.11270390000000001,0.0,2.2753e-18,-2.5809659141935e-08,1.5543122344752192e-15,-9.983618710629472e-07,-586861091.920283,-586860992.8920144,1.6874229123265323e-07,0.217274908657317,True
m65_n23_vd_0p050000_endpoint_vg016,joint/finite_native_seed,792,0.1707979,0.3,-5e-17,3.0927972646292e-11,-9.4026871354473e-16,-1.1963465773590087e-09,-3.7969627442180354e-14,-51210072789695.125,-51210072779340.07,2.0220738080414503e-10,1.1795846219465982,True
m65_n23_vd_0p050000_endpoint_vg016,joint/finite_native_seed,1000,0.04664907,0.09890192,-6e-17,-7.378915e-17,2.8515768985532e-11,3.3306690738754696e-15,1.1030385493882022e-09,-19196253188271.184,-19196253191849.426,-1.8640315647739492e-10,1.0,True
m65_n23_vd_0p050000_endpoint_vg016,joint/finite_native_seed,1009,0.03360702,0.09890192,-6e-17,-1.4092e-18,4.850400057228e-11,1.7763568394002505e-15,1.8762182918408143e-09,-790889475303.9431,-790889475554.7035,-3.170612123782372e-10,1.0,True
m65_n23_vd_0p050000_endpoint_vg016,joint/finite_native_seed,1057,0.005045938170817487,0.11270390000000001,0.0,2.2753e-18,-2.58096591419358e-08,1.5543122344752192e-15,-9.983618710629472e-07,-586861091.920283,-586860992.8920144,1.6874229123265323e-07,0.217274908657317,True
m65_n23_vd_1p000000_endpoint_vg016,node_792/finite,792,0.1707979,0.3,-5.5e-16,-0.00010169421860836,-1.3295324174436e-05,0.00394145588385908,-0.0005141539684730967,-2.1557761404585132e+16,-2.1557761399629184e+16,2.298915879125208e-10,1.1795846219465982,True
m65_n23_vd_1p000000_endpoint_vg016,node_792/finite,1000,0.04664907,0.09890192,-2.2e-16,-1.008953e-11,1.923940275267e-05,3.902742573558271e-10,0.0007444904519708917,-1.3358927488169742e+16,-1.3358927488469774e+16,-2.2459288012376792e-11,1.0,True
m65_n23_vd_1p000000_endpoint_vg016,node_792/finite,1009,0.03360702,0.09890192,-2e-16,-8.3861e-14,2.080952174732e-05,3.233857626128156e-12,0.0008052724393601274,-3773361726909763.5,-3773361727127529.0,-5.771127067793046e-11,1.0,True
m65_n23_vd_1p000000_endpoint_vg016,node_792/finite,1057,0.005045938170817487,0.11270390000000001,0.0,5.0036e-16,0.00390138111457383,-1.3211653993039363e-14,0.16289453501743134,-17229049614967.186,-17229049918831.69,-1.763675335191409e-08,1.0,True
m65_n23_vd_1p000000_endpoint_vg016,node_792/finite_native_seed,792,0.1707979,0.3,-5.5e-16,-0.00010169423629924,-1.3295324135264e-05,0.003941456570869084,-0.0005141539669568651,-2.1557761404585132e+16,-2.1557761399629184e+16,2.298915879125208e-10,1.1795846219465982,True
m65_n23_vd_1p000000_endpoint_vg016,node_792/finite_native_seed,1000,0.04664907,0.09890192,-2.2e-16,-1.0089548e-11,1.923940275267e-05,3.902749234896419e-10,0.0007444904519708917,-1.3358927488169742e+16,-1.3358927488469774e+16,-2.2459288012376792e-11,1.0,True
m65_n23_vd_1p000000_endpoint_vg016,node_792/finite_native_seed,1009,0.03360702,0.09890192,-2e-16,-8.3875e-14,2.080952174732e-05,3.234079670733081e-12,0.0008052724393601274,-3773361726909761.5,-3773361727127529.0,-5.771180070927774e-11,1.0,True
m65_n23_vd_1p000000_endpoint_vg016,node_792/finite_native_seed,1057,0.005045938170817487,0.11270390000000001,0.0,5.0014e-16,0.00390138111457394,-1.3211653993039363e-14,0.16289453501743534,-17229049614967.186,-17229049918831.69,-1.763675335191409e-08,1.0,True
m65_n23_vd_1p000000_endpoint_vg016,node_1057/finite,792,0.1707979,0.3,-1.33e-15,0.00380132793533528,-0.000876079460201799,-0.13674224168007743,-0.03332049670941373,-2.1557761843825484e+16,-2.1557761399629184e+16,2.0604936280983266e-08,1.0,True
m65_n23_vd_1p000000_endpoint_vg016,node_1057/finite,1000,0.04664907,0.09890192,-3.4e-16,-1.0089426e-11,1.923890216837e-05,3.902660417054449e-10,0.0007444710740898142,-1.3358927488169752e+16,-1.3358927488469774e+16,-2.2458539449289776e-11,1.0,True
m65_n23_vd_1p000000_endpoint_vg016,node_1057/finite,1009,0.03360702,0.09890192,-2e-16,-8.3763e-14,2.080189315601e-05,3.2298608232395054e-12,0.0008049771146412255,-3773361726909850.5,-3773361727127529.0,-5.768821431432383e-11,1.0,True
m65_n23_vd_1p000000_endpoint_vg016,node_1057/finite,1057,0.005045938170817487,0.11270390000000001,0.0,5.1022e-16,0.00106012711487291,-1.3211653993039363e-14,0.04185997665190966,-17229049840745.979,-17229049918831.69,-4.53221224068489e-09,0.217274908657317,True
m65_n23_vd_1p000000_endpoint_vg016,node_1057/finite_native_seed,792,0.1707979,0.3,-1.33e-15,0.00380132793533528,-0.000876079460201795,-0.13674224168007743,-0.03332049670941373,-2.1557761843825484e+16,-2.1557761399629184e+16,2.0604936280983266e-08,1.0,False
m65_n23_vd_1p000000_endpoint_vg016,node_1057/finite_native_seed,1000,0.04664907,0.09890192,-3.4e-16,-1.008945e-11,1.923890216837e-05,3.9026670783925965e-10,0.0007444710740898142,-1.3358927488169752e+16,-1.3358927488469774e+16,-2.2458539449289776e-11,1.0,False
m65_n23_vd_1p000000_endpoint_vg016,node_1057/finite_native_seed,1009,0.03360702,0.09890192,-2e-16,-8.3791e-14,2.080189315601e-05,3.2309710462641306e-12,0.0008049771146412255,-3773361726909847.0,-3773361727127529.0,-5.7689141869181566e-11,1.0,False
m65_n23_vd_1p000000_endpoint_vg016,node_1057/finite_native_seed,1057,0.005045938170817487,0.11270390000000001,0.0,5.1001e-16,0.00106012799102462,-1.3211653993039363e-14,0.04186001196165545,-17229049840745.912,-17229049918831.69,-4.532216095003632e-09,0.217274908657317,False
m65_n23_vd_1p000000_endpoint_vg016,joint/finite,792,0.1707979,0.3,-5.5e-16,-0.00010169421836245,-1.3295324174992e-05,0.003941455874307387,-0.000514153968494524,-2.1557761404585132e+16,-2.1557761399629184e+16,2.298915879125208e-10,1.1795846219465982,True
m65_n23_vd_1p000000_endpoint_vg016,joint/finite,1000,0.04664907,0.09890192,-2.2e-16,-1.0089565e-11,1.923890216837e-05,3.9027558962345665e-10,0.0007444710740862615,-1.3358927488169748e+16,-1.3358927488469774e+16,-2.2458838874524583e-11,1.0,True
m65_n23_vd_1p000000_endpoint_vg016,joint/finite,1009,0.03360702,0.09890192,-2e-16,-8.3868e-14,2.080189315589e-05,3.234079670733081e-12,0.0008049771146378948,-3773361726909838.5,-3773361727127529.0,-5.76913945024075e-11,1.0,True
m65_n23_vd_1p000000_endpoint_vg016,joint/finite,1057,0.005045938170817487,0.11270390000000001,0.0,5.0285e-16,0.00106012690917767,-1.3211653993039363e-14,0.04185996836219763,-17229049840745.988,-17229049918831.69,-4.532211673873311e-09,0.217274908657317,True
m65_n23_vd_1p000000_endpoint_vg016,joint/finite_native_seed,792,0.1707979,0.3,-5.5e-16,-0.00010169423631115,-1.3295324135245e-05,0.0039414565713293825,-0.0005141539669568651,-2.1557761404585132e+16,-2.1557761399629184e+16,2.298915879125208e-10,1.1795846219465982,True
m65_n23_vd_1p000000_endpoint_vg016,joint/finite_native_seed,1000,0.04664907,0.09890192,-2.2e-16,-1.0089548e-11,1.923890216837e-05,3.902749234896419e-10,0.0007444710740862615,-1.3358927488169748e+16,-1.3358927488469774e+16,-2.2458838874524583e-11,1.0,True
m65_n23_vd_1p000000_endpoint_vg016,joint/finite_native_seed,1009,0.03360702,0.09890192,-2e-16,-8.3875e-14,2.080189315601e-05,3.234079670733081e-12,0.0008049771146412255,-3773361726909838.5,-3773361727127529.0,-5.76913945024075e-11,1.0,True
m65_n23_vd_1p000000_endpoint_vg016,joint/finite_native_seed,1057,0.005045938170817487,0.11270390000000001,0.0,5.022e-16,0.0010601269134195,-1.3211653993039363e-14,0.04185996853314444,-17229049840745.988,-17229049918831.69,-4.532211673873311e-09,0.217274908657317,True
