threshold,scope,flagged_point_count,zero_intercept_slope,pearson,minimum_pair_burst_free_growth_dex,maximum_pair_burst_free_growth_dex,minimum_burst_free_maximum_gate_voltage_V,maximum_burst_free_maximum_gate_voltage_V
0.005,all,20,0.3611482010667142,0.9784266321067671,0.021056803474534466,0.026043930869564934,0.55,0.9
0.005,low_drain,14,0.37021987403909795,0.9951046310023594,0.021056803474534466,0.026043930869564934,0.55,0.9
0.005,high_drain,6,-0.0993215890497537,-0.4582885109285823,0.021056803474534466,0.026043930869564934,0.55,0.9
0.01,all,17,0.36098372557547953,0.9812730478870934,0.021056803474534466,0.026043930869564934,0.55,0.9
0.01,low_drain,13,0.3701306982651442,0.9954307852703861,0.021056803474534466,0.026043930869564934,0.55,0.9
0.01,high_drain,4,-0.10702468014628333,0.8403986900480943,0.021056803474534466,0.026043930869564934,0.55,0.9
0.015,all,17,0.36098372557547953,0.9812730478870934,0.021056803474534466,0.026043930869564934,0.55,0.9
0.015,low_drain,13,0.3701306982651442,0.9954307852703861,0.021056803474534466,0.026043930869564934,0.55,0.9
0.015,high_drain,4,-0.10702468014628333,0.8403986900480943,0.021056803474534466,0.026043930869564934,0.55,0.9
0.02,all,15,0.3607317101874543,0.9846191511026006,0.021056803474534466,0.026043930869564934,0.55,0.9
0.02,low_drain,11,0.3698832241978595,0.9962587615174409,0.021056803474534466,0.026043930869564934,0.55,0.9
0.02,high_drain,4,-0.10702468014628333,0.8403986900480943,0.021056803474534466,0.026043930869564934,0.55,0.9
0.03,all,12,0.36216328135505604,0.9872708638143861,0.021056803474534466,0.026043930869564934,0.55,0.9
0.03,low_drain,10,0.3695716546825408,0.9975039575278498,0.021056803474534466,0.026043930869564934,0.55,0.9
0.03,high_drain,2,-0.0678602434059956,1.0,0.021056803474534466,0.026043930869564934,0.55,0.9
0.05,all,9,0.3626026188080878,0.9908007948558146,0.020269191944138835,0.026043930869564934,0.25,0.9
0.05,low_drain,7,0.37009186848252223,0.9989127964751406,0.020269191944138835,0.026043930869564934,0.25,0.9
0.05,high_drain,2,-0.0678602434059956,1.0,0.020269191944138835,0.026043930869564934,0.25,0.9
