gate_voltage_V,baseline_sentaurus_current_A_per_um,controlled_sentaurus_current_A_per_um,sentaurus_log10_response,absolute_sentaurus_log10_response,vela_current_A_per_um,controlled_absolute_log10_error
0.0,2.21341390130383e-15,2.21337204558777e-15,-8.212597916212718e-06,8.212597916212718e-06,2.345190166689931e-15,0.025123643933889512
0.05,7.85441564823606e-15,7.85461008925487e-15,1.0751101047289448e-05,1.0751101047289448e-05,8.366785648866198e-15,0.02743401171444
0.1,2.86714913238521e-14,2.86716001693138e-14,1.6487071822161478e-06,1.6487071822161478e-06,3.063212022639081e-14,0.028725126173837982
0.15,1.03667519067749e-13,1.04782821086716e-13,0.004647381570790211,0.004647381570790211,1.1412209628511447e-13,0.037079653665874
0.2,4.00465593980615e-13,4.00465465783365e-13,-1.3902659309203415e-07,1.3902659309203415e-07,4.3076012566432286e-13,0.03167042441811344
0.25,1.52221433241757e-12,1.52221420377553e-12,-3.6702144560206025e-08,3.6702144560206025e-08,1.6426922955806879e-12,0.03308045022933333
0.3,5.83408521513645e-12,5.83408508071835e-12,-1.0006202797988456e-08,1.0006202797988456e-08,6.315764337147215e-12,0.034453158304062675
0.35,2.25059047472438e-11,2.25059046566431e-11,-1.7483137909359396e-09,1.7483137909359396e-09,2.4439162127351143e-11,0.03578983776055142
0.4,8.72431969159283e-11,8.72431965602137e-11,-1.7707385030158893e-09,1.7707385030158893e-09,9.502087381174225e-11,0.03708745027650099
0.45,3.3921428005011e-10,3.39214278755128e-10,-1.6579594410298278e-09,1.6579594410298278e-09,3.7051810732516424e-10,0.03833531193468274
0.5,1.31948525270308e-09,1.31948525137713e-09,-4.364222101784217e-10,4.364222101784217e-10,1.4451345020070486e-09,0.0395037295331122
0.55,5.11217285461842e-09,5.11217285350444e-09,-9.463596351358424e-11,9.463596351358424e-11,5.611999492316605e-09,0.040512093243902154
0.6,1.95518786944055e-08,1.955187903368e-08,7.536106548713348e-09,7.536106548713348e-09,2.1495456632414702e-08,0.04115817374171102
0.65,7.2342257222384e-08,7.23422603306282e-08,1.8659816887580666e-08,1.8659816887580666e-08,7.947269153483188e-08,0.0408258475496509
0.7,2.47718163414068e-07,2.47718165202803e-07,3.135974105523497e-09,3.135974105523497e-09,2.705964150772047e-07,0.03836418404766028
0.75,7.27661197736215e-07,7.27661194236028e-07,-2.0890379768418097e-09,2.0890379768418097e-09,7.845475340401049e-07,0.03269004682699012
0.8,1.70824405481338e-06,1.70824399604824e-06,-1.49401231393026e-08,1.49401231393026e-08,1.8088158312857147e-06,0.024844447440387902
0.85,3.19155982068899e-06,3.19155974158993e-06,-1.0763478567978583e-08,1.0763478567978583e-08,3.3224584632514664e-06,0.017456581946346396
0.9,5.00514464275948e-06,5.00514471052998e-06,5.880420345559437e-09,5.880420345559437e-09,5.143528257570798e-06,0.011844491634969184
0.95,6.98315508220543e-06,6.98315513632124e-06,3.3655556903754884e-09,3.3655556903754884e-09,7.110605454050704e-06,0.007854891280025398
1.0,9.0269686929151e-06,9.02696871859061e-06,1.2352687671092204e-09,1.2352687671092204e-09,9.131215362863832e-06,0.004986648397223473
1.05,1.10853376900944e-05,1.10853377869675e-05,3.7952341619531896e-09,3.7952341619531896e-09,1.1158243223942257e-05,0.0028468925343708403
1.1,1.31316646301225e-05,1.31316646736889e-05,1.4408414921115237e-09,1.4408414921115237e-09,1.3167769323966195e-05,0.001192425680219368
1.15,1.51517748239547e-05,1.51517748602842e-05,1.041310498421831e-09,1.041310498421831e-09,1.5147259334516231e-05,0.00012944755438945463
1.2,1.71380003457811e-05,1.71380003863917e-05,1.0291142632504167e-09,1.0291142632504167e-09,1.7090086606686863e-05,0.0012158847048056851
1.25,1.90862781356124e-05,1.90860033967981e-05,-6.25152839845441e-06,6.25152839845441e-06,1.8992822919557205e-05,0.002125477688033871
1.3,2.0994631884244e-05,2.0994413175705e-05,-4.5242234729607355e-06,4.5242234729607355e-06,2.0853915454670015e-05,0.002916131478452617
1.35,2.2862321081095e-05,2.28621437590036e-05,-3.368437709780068e-06,3.368437709780068e-06,2.267291605857388e-05,0.0036095711534787373
1.4,2.46893677803942e-05,2.46892216596043e-05,-2.570322622180482e-06,2.570322622180482e-06,2.4450037103038488e-05,0.004227876287182454
1.45,2.6476266761604e-05,2.6476144762694e-05,-2.0011724446755515e-06,2.0011724446755515e-06,2.6185891230599524e-05,0.004787387400691662
1.5,2.82238047733386e-05,2.82237017509114e-05,-1.5852629956807902e-06,1.5852629956807902e-06,2.788133820922665e-05,0.005300359562652595
1.55,2.99329452772456e-05,2.9932857399834e-05,-1.2750075413375884e-06,1.2750075413375884e-06,2.9537383904793008e-05,0.0057761490337137735
1.6,3.16047536419798e-05,3.16046780028614e-05,-1.0393908277258609e-06,1.0393908277258609e-06,3.1155115175784514e-05,0.00622200885961475
1.65,3.32403480238959e-05,3.32402823847274e-05,-8.57595016882058e-07,8.57595016882058e-07,3.2735657397139374e-05,0.006643637727832752
1.7,3.48408669432893e-05,3.48408095586976e-05,-7.15304590049063e-07,7.15304590049063e-07,3.4280146583885204e-05,0.007045567366714206
1.75,3.64074479678295e-05,3.64073974618712e-05,-6.024721706632631e-07,6.024721706632631e-07,3.5789711112402225e-05,0.007431442171986816
1.8,3.79412098493815e-05,3.79411651262786e-05,-5.119237981160565e-07,5.119237981160565e-07,3.726545984697216e-05,0.007804178713435218
1.85,3.94432329793002e-05,3.94431931581634e-05,-4.3845565890354354e-07,4.3845565890354354e-07,3.870847459596591e-05,0.008166009183251749
1.9,4.09145792771564e-05,4.09145436509354e-05,-3.78160504174119e-07,3.78160504174119e-07,4.01198055337119e-05,0.008518892275647382
1.95,4.23562420676539e-05,4.2356210039273e-05,-3.283991607165812e-07,3.283991607165812e-07,4.150046870500327e-05,0.008864091603452404
2.0,4.37692418652041e-05,4.37692129667993e-05,-2.8674067333164653e-07,2.8674067333164653e-07,4.285144514748468e-05,0.009203264535688175
2.05,4.51544978796047e-05,4.51544717282704e-05,-2.51522749742792e-07,2.51522749742792e-07,4.417366601257426e-05,0.009537322493566449
2.1,4.6512967142647e-05,4.65129433794042e-05,-2.2187894019311535e-07,2.2187894019311535e-07,4.5467969167853965e-05,0.009868266088041294
2.15,4.7845558095204e-05,4.78455364446221e-05,-1.9652253522531796e-07,1.9652253522531796e-07,4.67352492973214e-05,0.010196864593805751
2.2,4.91531210347437e-05,4.9153101264824e-05,-1.7467799761545823e-07,1.7467799761545823e-07,4.79763949546443e-05,0.01052331332635288
2.25,5.04364728143894e-05,5.04364547221293e-05,-1.5578746290443592e-07,1.5578746290443592e-07,4.919213494735997e-05,0.010848880132574868
2.3,5.16963977215492e-05,5.16963811325431e-05,-1.3936203065147483e-07,1.3936203065147483e-07,5.0383295697289024e-05,0.011173570150905953
2.35,5.29336486279605e-05,5.29336333912905e-05,-1.250093810954676e-07,1.250093810954676e-07,5.155063060587283e-05,0.011497722939682011
2.4,5.41489482309791e-05,5.41489342153502e-05,-1.1241051355439293e-07,1.1241051355439293e-07,5.2694851552646594e-05,0.01182172766555719
2.45,5.53429903050866e-05,5.53429773955704e-05,-1.0130519276535723e-07,1.0130519276535723e-07,5.381664226911461e-05,0.012145922284356805
2.5,5.6516440988337e-05,5.65164290838498e-05,-9.147875474212309e-08,9.147875474212309e-08,5.491666021202143e-05,0.012470596216956741
