key,model,device,vd,vg,native_Id_A_per_um,replayed_Id_A_per_um,signed_replay_relative,kcl_over_Id,replay_qualified,versus_Masetti_current_relative,control_reclosure_qualified
m65_n19_vd_0p050000_endpoint_vg_040,masetti_control,n19,0.05,0.8,6.77412752116367e-07,6.774127521707051e-07,8.021427966298234e-11,8.021327506028131e-11,True,0.0,True
m65_n19_vd_0p050000_endpoint_vg_050,masetti_control,n19,0.05,1.0,6.75381207187555e-06,6.753812071428649e-06,-6.617006942377657e-11,6.6170099008095e-11,True,0.0,True
m65_n19_vd_0p050000_endpoint_vg_040,phumob,n19,0.05,0.8,7.83567248146908e-07,7.835672476305432e-07,-6.589924161914951e-10,6.589920471810703e-10,True,0.15670578343689878,not_control
m65_n19_vd_0p050000_endpoint_vg_050,phumob,n19,0.05,1.0,8.25225411449733e-06,8.252254115335948e-06,1.0162293229143415e-10,1.0162358157602636e-10,True,0.2218661145254015,not_control
m65_n19_vd_1p000000_endpoint_vg_040,masetti_control,n19,1.0,0.8,5.67473659709772e-06,5.674736610146465e-06,2.2994450787905407e-09,2.299444304626764e-09,True,0.0,True
m65_n19_vd_1p000000_endpoint_vg_050,masetti_control,n19,1.0,1.0,3.93891388954949e-05,3.938913889617023e-05,1.7144952124681367e-11,1.714524022506807e-11,True,0.0,True
m65_n19_vd_1p000000_endpoint_vg_040,phumob,n19,1.0,0.8,6.62365716117091e-06,6.623657160966076e-06,-3.092459621711896e-11,3.092364115514066e-11,True,0.16721843346147636,not_control
m65_n19_vd_1p000000_endpoint_vg_050,phumob,n19,1.0,1.0,4.78026644988013e-05,4.780266450500572e-05,1.2979239905064333e-10,1.2979323069960575e-10,True,0.21360014052677578,not_control
m65_n23_vd_0p050000_endpoint_vg_040,masetti_control,n23,0.05,0.8,3.12435172456685e-09,3.124351525600532e-09,-6.368243266052787e-08,6.368243670501563e-08,True,0.0,True
m65_n23_vd_0p050000_endpoint_vg_050,masetti_control,n23,0.05,1.0,2.99817476686862e-07,2.9981747664708785e-07,-1.3266110432397227e-10,1.326611946223934e-10,True,0.0,True
m65_n23_vd_0p050000_endpoint_vg_040,phumob,n23,0.05,0.8,3.80999235651444e-09,3.809993195550997e-09,2.2022001044952333e-07,2.2021996275955495e-07,True,0.21945052682653543,not_control
m65_n23_vd_0p050000_endpoint_vg_050,phumob,n23,0.05,1.0,3.68604022273774e-07,3.686040225302574e-07,6.958236209442248e-10,6.958256416277888e-10,True,0.229428071862384,not_control
m65_n23_vd_1p000000_endpoint_vg_040,masetti_control,n23,1.0,0.8,1.9985630107889e-08,1.9985622914584612e-08,-3.5992382274585566e-07,3.599239522292213e-07,True,0.0,True
m65_n23_vd_1p000000_endpoint_vg_050,masetti_control,n23,1.0,1.0,1.63718419987559e-06,1.6371842042231333e-06,2.655500486170581e-09,2.6555036096614763e-09,True,0.0,True
m65_n23_vd_1p000000_endpoint_vg_040,phumob,n23,1.0,0.8,2.43716989099901e-08,2.4371692586318905e-08,-2.59467804020197e-07,2.594678694560214e-07,True,0.21946112173715115,not_control
m65_n23_vd_1p000000_endpoint_vg_050,phumob,n23,1.0,1.0,2.02962909789074e-06,2.0296290977935454e-06,-4.788780483266919e-11,4.7886524907285525e-11,True,0.23970723516936698,not_control
