gate_voltage_V,drain_total_current_A_per_um
0.0,1.77924316602347e-14
0.05,1.85021071283865e-14
0.1,1.85035230987383e-14
0.15000000000000002,1.85084105439287e-14
0.2,3.77190774377151e-14
0.25,5.69720572093617e-14
0.30000000000000004,1.72597260259941e-13
0.35000000000000003,7.35369719612189e-13
0.4,2.72572867253323e-12
0.45,1.00415654575563e-11
0.5,3.71006652223478e-11
0.55,1.38121861357441e-10
0.6000000000000001,5.16320024317519e-10
0.65,1.93348130223587e-09
0.7000000000000001,7.22205194967781e-09
0.75,2.66919011172713e-08
0.8,9.59235749011084e-08
0.8500000000000001,3.23090347136989e-07
0.9,9.59787153225227e-07
0.9500000000000001,2.37468676052014e-06
1.0,4.84531029054622e-06
1.05,8.42642092614438e-06
1.1,1.30238220986206e-05
1.1500000000000001,1.84977791547911e-05
1.2000000000000002,2.47131245100403e-05
1.25,3.15536368681668e-05
1.3,3.89233429879025e-05
1.35,4.67438544066204e-05
1.4000000000000001,5.49509246803316e-05
1.4500000000000002,6.34918878476703e-05
1.5,7.23230852460204e-05
1.55,8.14081471477734e-05
1.6,9.07165513081375e-05
1.6500000000000001,0.00010022238455772
1.7000000000000002,0.000109903558167189
1.75,0.000119740818139373
1.8,0.000129717793127291
1.85,0.00013981997704101
1.9000000000000001,0.00015003466235171
1.9500000000000002,0.000160350646087576
2.0,0.000170757834312816
2.0500000000000003,0.000181247239555286
2.1,0.0001918108553049
2.15,0.000202441351043507
2.2,0.000213132040223381
2.25,0.000223876788375418
2.3000000000000003,0.000234669930456575
2.35,0.000245506188832444
2.4000000000000004,0.000256380645010091
2.45,0.000267288652571493
2.5,0.000278225802465341
