tag,case,vg,initialization,rows,worst_hole_node,baseline_violations,baseline_max,kernel_violations,kernel_max,kernel_max_residual_change_scaled,partition_violations,partition_max,partition_max_residual_change_scaled
m65_n19_vd_0p050000_endpoint\vg_007\vela,m65_n19_vd_0p050000_endpoint,0.35,vela,1814,41,201,0.5910088320012243,201,0.5910088320012242,8.017522125375823e-15,201,0.5910088320012243,8.017522125375768e-15
m65_n19_vd_0p050000_endpoint\vg_007\hole_plus,m65_n19_vd_0p050000_endpoint,0.35,hole_plus,1814,946,154,1.0001298901155526,154,1.0001298901155526,8.735393211714662e-15,154,1.0001298901155526,8.735393211714648e-15
m65_n19_vd_0p050000_endpoint\vg_007\hole_minus,m65_n19_vd_0p050000_endpoint,0.35,hole_minus,1814,1093,74,1.5677342077797467,74,1.5677342077797454,1.45455507223445e-14,74,1.567734207779745,1.456703187596699e-14
m65_n19_vd_0p050000_endpoint\vg_007\native,m65_n19_vd_0p050000_endpoint,0.35,native,1814,41,183,0.9265501612625185,183,0.9265501612625185,8.197252961918093e-15,183,0.9265501612625185,8.197252961918093e-15
m65_n19_vd_0p050000_endpoint\vg_020\vela,m65_n19_vd_0p050000_endpoint,1.0,vela,1814,887,235,1.0036031138291974,235,1.0036031138291974,9.151678934905039e-15,235,1.0036031138291974,9.151678934905039e-15
m65_n19_vd_0p050000_endpoint\vg_020\native,m65_n19_vd_0p050000_endpoint,1.0,native,1814,1040,69,1.000002331165491,69,1.000002331165491,9.924594642253671e-15,69,1.000002331165491,9.924594642253671e-15
m65_n19_vd_1p000000_endpoint\vg_007\vela,m65_n19_vd_1p000000_endpoint,0.35,vela,1814,1042,258,1.9795675377420339,258,1.9795675377420356,7.383913876867867e-15,258,1.9795675377420352,7.383913876867867e-15
m65_n19_vd_1p000000_endpoint\vg_007\native,m65_n19_vd_1p000000_endpoint,0.35,native,1814,41,116,0.05224930531601284,116,0.05224930531601339,7.673590709791555e-15,116,0.05224930531601341,7.673590709791552e-15
m65_n19_vd_1p000000_endpoint\vg_020\vela,m65_n19_vd_1p000000_endpoint,1.0,vela,1814,904,333,1.8072107690139312,333,1.8072107690139412,1.2788410878414436e-14,333,1.8072107690139414,1.2496350381522447e-14
m65_n19_vd_1p000000_endpoint\vg_020\native,m65_n19_vd_1p000000_endpoint,1.0,native,1814,955,57,0.0005509811324893675,57,0.0005509811324880104,8.218927445059114e-15,57,0.0005509811324880098,8.218927445059114e-15
m65_n23_vd_0p050000_endpoint\vg_007\vela,m65_n23_vd_0p050000_endpoint,0.35,vela,1814,180,338,1.0000116881383747,338,1.0000116881383747,8.313534823325627e-15,338,1.0000116881383747,8.313534823325627e-15
m65_n23_vd_0p050000_endpoint\vg_007\native,m65_n23_vd_0p050000_endpoint,0.35,native,1814,355,389,1.0016597744035842,389,1.0016597744035842,8.878619167245609e-15,389,1.0016597744035842,8.878619215266647e-15
m65_n23_vd_0p050000_endpoint\vg_020\vela,m65_n23_vd_0p050000_endpoint,1.0,vela,1814,453,0,3.1620707411833096e-09,0,3.1620712568542498e-09,8.955969067696792e-15,0,3.1620717995966773e-09,8.955969067696803e-15
m65_n23_vd_0p050000_endpoint\vg_020\hole_plus,m65_n23_vd_0p050000_endpoint,1.0,hole_plus,1814,949,214,1.0008950070392806,214,1.0008950070392806,9.04104551199419e-15,214,1.0008950070392804,9.041045511999565e-15
m65_n23_vd_0p050000_endpoint\vg_020\hole_minus,m65_n23_vd_0p050000_endpoint,1.0,hole_minus,1814,355,1275,1.0324377810991177,1275,1.0324377810991174,9.788488437421073e-15,1275,1.0324377810991174,9.788488437421073e-15
m65_n23_vd_0p050000_endpoint\vg_020\native,m65_n23_vd_0p050000_endpoint,1.0,native,1814,453,0,2.4427028370259648e-08,0,2.4427026547128124e-08,8.601614943468275e-15,0,2.4427027154856737e-08,8.601614943468278e-15
m65_n23_vd_1p000000_endpoint\vg_007\vela,m65_n23_vd_1p000000_endpoint,0.35,vela,1814,973,461,1.7758393322419852,461,1.7758393322419848,8.421370514210168e-15,461,1.7758393322419856,8.421370514210168e-15
m65_n23_vd_1p000000_endpoint\vg_007\native,m65_n23_vd_1p000000_endpoint,0.35,native,1814,994,387,1.980217343789926,387,1.9802173437899269,9.055249672792545e-15,387,1.980217343789928,9.055249672792545e-15
m65_n23_vd_1p000000_endpoint\vg_020\vela,m65_n23_vd_1p000000_endpoint,1.0,vela,1814,972,119,1.1121002735235062,119,1.112100273523506,1.0719952847707556e-14,119,1.112100273523506,1.0719952847831077e-14
m65_n23_vd_1p000000_endpoint\vg_020\native,m65_n23_vd_1p000000_endpoint,1.0,native,1814,911,184,1.285546471273182,184,1.2855464712731817,9.689734603486087e-15,184,1.2855464712731814,9.689734603609589e-15
