key,field,norm_V,maximum_V,worst_node
m65_n19_vd_0p050000_endpoint,psi,5.039389873377531e-14,2.45e-15,98
m65_n19_vd_0p050000_endpoint,phin,1.0460444318848177e-14,2.68e-15,1205
m65_n19_vd_0p050000_endpoint,phip,8.862614590974602e-15,1.482e-15,802
m65_n19_vd_1p000000_endpoint,psi,1.6791801868769178e-15,3e-16,1111
m65_n19_vd_1p000000_endpoint,phin,1.2147933286334245e-15,2.3e-16,1175
m65_n19_vd_1p000000_endpoint,phip,2.523688099859628e-14,1.51e-14,945
m65_n23_vd_0p050000_endpoint,psi,5.218248878838668e-14,2.45e-15,834
m65_n23_vd_0p050000_endpoint,phin,1.10940157035089e-14,2.512e-15,1201
m65_n23_vd_0p050000_endpoint,phip,8.57958257227859e-15,1.3271e-15,780
m65_n23_vd_1p000000_endpoint,psi,2.0043980393125515e-15,3e-16,1111
m65_n23_vd_1p000000_endpoint,phin,1.4143436057465067e-15,3.3e-16,1202
m65_n23_vd_1p000000_endpoint,phip,2.8720262619983165e-14,1.377e-14,950
