key,label,qualified,failure,current_A_per_um,max_row_ratio,row_violations,kcl_over_Id,iterations,global_electron_ratio,global_hole_ratio
m65_n19_vd_0p050000_endpoint_vg016,baseline,True,,5.776833827867325e-07,1.8995253248896134e-11,0,9.251612775366633e-16,8,8.223382240004606e-07,1.0097419586828951e-18
m65_n19_vd_0p050000_endpoint_vg016,manual_constants,True,,5.776632311240513e-07,3.398620850029502e-11,0,2.114280739684758e-14,2,4.6449497911329555e-06,3.0292258760486853e-18
m65_n19_vd_0p050000_endpoint_vg016,manual_constants_native_seed,False,carrier_row_convergence_line_search_rejected,5.776632311240479e-07,1.4611649210843265e-05,22,8.312601337081221e-15,10,2.563281619999157e-06,3.937993638863291e-17
m65_n19_vd_1p000000_endpoint_vg016,baseline,True,,5.256977862763549e-06,1.405047878993787e-10,0,2.3656633988488524e-15,7,4.948432127525536e-07,0.0
m65_n19_vd_1p000000_endpoint_vg016,manual_constants,True,,5.25682070471464e-06,1.5522333326356436e-10,0,2.217980613765007e-15,2,6.851194444115402e-07,2.0194839173657902e-17
m65_n19_vd_1p000000_endpoint_vg016,manual_constants_native_seed,True,,5.2568207047146425e-06,8.700576164806874e-10,0,4.1515438714814466e-15,10,1.2098515714166445e-05,1.2116903504194741e-17
m65_n23_vd_0p050000_endpoint_vg016,baseline,True,,2.0361795167012863e-09,1.60511558782827e-11,0,4.500287534726035e-15,8,4.633135749600546e-09,0.0
m65_n23_vd_0p050000_endpoint_vg016,manual_constants,True,,2.0360597952580205e-09,2.2488809497173798e-11,0,2.1179584080682485e-14,2,9.72560861627039e-11,5.048709793414476e-19
m65_n23_vd_0p050000_endpoint_vg016,manual_constants_native_seed,True,,2.0360597952580234e-09,6.156041635706961e-10,0,1.2648011036702683e-14,6,9.725608666757488e-11,5.048709793414476e-19
m65_n23_vd_1p000000_endpoint_vg016,baseline,True,,1.3777306018550514e-08,1.0689942213770656e-10,0,1.0682499250654495e-14,2,5.908055978399417e-09,0.0
m65_n23_vd_1p000000_endpoint_vg016,manual_constants,True,,1.3776375781219347e-08,8.253822622485677e-11,0,1.4706131241063362e-15,2,5.2622208332161925e-08,8.885729236409477e-17
m65_n23_vd_1p000000_endpoint_vg016,manual_constants_native_seed,False,carrier_row_convergence_line_search_rejected,1.3776375781219347e-08,0.0006336235018643057,24,1.4706131339482185e-15,4,2.1608099004085507e-08,2.0437177243741797e-15
