case,device,vd,vg,index,psi_max_V,phin_max_V,phip_max_V,density_max_relative,dual_Id_relative,qualified
m65_n19_vd_0p050000_endpoint,n19,0.05,0.0,0,2.66e-15,2.017e-15,1.5518e-14,6.002975894148221e-13,4.884981308350689e-14,True
m65_n19_vd_0p050000_endpoint,n19,0.05,0.02,1,2.11e-15,1.64e-15,1.5526e-14,6.006306563222097e-13,3.6193270602780103e-14,True
m65_n19_vd_0p050000_endpoint,n19,0.05,0.04,2,1.78e-15,1.327e-15,1.5533e-14,6.008527009271347e-13,2.731148640577885e-14,True
m65_n19_vd_0p050000_endpoint,n19,0.05,0.06,3,1.44e-15,1.112e-15,1.554e-14,6.009637232295972e-13,2.098321516541546e-14,True
m65_n19_vd_0p050000_endpoint,n19,0.05,0.08,4,1.22e-15,9.83e-16,1.5544e-14,6.014078124394473e-13,1.587618925213974e-14,True
m65_n19_vd_0p050000_endpoint,n19,0.05,0.1,5,1e-15,8.67e-16,1.555e-14,6.015188347419098e-13,1.2545520178264269e-14,True
m65_n19_vd_0p050000_endpoint,n19,0.05,0.12,6,8.4e-16,7.6e-16,1.5557e-14,6.017408793468348e-13,9.769962616701378e-15,True
m65_n19_vd_0p050000_endpoint,n19,0.05,0.14,7,7.2e-16,6.61e-16,1.5564e-14,6.021849685566849e-13,7.66053886991358e-15,True
m65_n19_vd_0p050000_endpoint,n19,0.05,0.16,8,5.6e-16,5.73e-16,1.5571e-14,6.021849685566849e-13,5.995204332975845e-15,True
m65_n19_vd_0p050000_endpoint,n19,0.05,0.18,9,5e-16,4.94e-16,1.5578e-14,6.025180354640725e-13,4.6629367034256575e-15,True
m65_n19_vd_0p050000_endpoint,n19,0.05,0.2,10,3.9e-16,4.24e-16,1.5585e-14,6.029621246739225e-13,3.774758283725532e-15,True
m65_n19_vd_0p050000_endpoint,n19,0.05,0.22,11,3.4e-16,3.6e-16,1.5591e-14,6.03073146976385e-13,2.886579864025407e-15,True
m65_n19_vd_0p050000_endpoint,n19,0.05,0.24,12,3.9e-16,3.07e-16,1.5595e-14,6.034062138837726e-13,2.1094237467877974e-15,True
m65_n19_vd_0p050000_endpoint,n19,0.05,0.26,13,4.5e-16,2.6e-16,1.5602e-14,6.036282584886976e-13,1.4432899320127035e-15,True
m65_n19_vd_0p050000_endpoint,n19,0.05,0.28,14,5e-16,2.17e-16,1.5609e-14,6.039613253960852e-13,9.992007221626409e-16,True
m65_n19_vd_0p050000_endpoint,n19,0.05,0.3,15,6.1e-16,1.81e-16,1.5616e-14,6.039613253960852e-13,6.661338147750939e-16,True
m65_n19_vd_0p050000_endpoint,n19,0.05,0.32,16,7.3e-16,1.63e-16,1.5623e-14,6.042943923034727e-13,0.0,True
m65_n19_vd_0p050000_endpoint,n19,0.05,0.34,17,8.4e-16,1.44e-16,1.564e-14,6.049605261182478e-13,4.440892098500626e-16,True
m65_n19_vd_0p050000_endpoint,n19,0.05,0.36,18,1e-15,1.24e-16,1.5637e-14,6.048495038157853e-13,1.1102230246251565e-15,True
m65_n19_vd_0p050000_endpoint,n19,0.05,0.38,19,1.22e-15,1.06e-16,1.564e-14,6.048495038157853e-13,1.5543122344752192e-15,True
m65_n19_vd_0p050000_endpoint,n19,0.05,0.4,20,1.56e-15,8.5e-17,1.5651e-14,6.051825707231728e-13,2.886579864025407e-15,True
m65_n19_vd_0p050000_endpoint,n19,0.05,0.42,21,2e-15,6e-17,1.5654e-14,6.055156376305604e-13,4.218847493575595e-15,True
m65_n19_vd_0p050000_endpoint,n19,0.05,0.44,22,2.55e-15,1.1287e-16,1.5657e-14,6.056266599330229e-13,6.661338147750939e-15,True
m65_n19_vd_0p050000_endpoint,n19,0.05,0.46,23,3.33e-15,2.2433e-16,1.5689e-14,6.068479052601106e-13,1.1546319456101628e-14,True
m65_n19_vd_0p050000_endpoint,n19,0.05,0.48,24,4.33e-15,4.5862e-16,1.5703e-14,6.072919944699606e-13,2.042810365310288e-14,True
m65_n19_vd_0p050000_endpoint,n19,0.05,0.5,25,5.78e-15,9.7069e-16,1.5723e-14,6.084022174945858e-13,4.0190073491430667e-14,True
m65_n19_vd_0p050000_endpoint,n19,0.05,0.52,26,7.83e-15,2.10899e-15,1.5672e-14,6.061817714453355e-13,8.260059303211165e-14,True
m65_n19_vd_0p050000_endpoint,n19,0.05,0.54,27,1.082e-14,4.58271e-15,1.5706e-14,6.077360836798107e-13,1.7363888105137448e-13,True
m65_n19_vd_0p050000_endpoint,n19,0.05,0.56,28,2.17e-14,1.0004e-14,1.5731e-14,8.837375276016246e-13,3.6992631180510216e-13,True
m65_n19_vd_0p050000_endpoint,n19,0.05,0.58,29,4.286e-14,2.17006e-14,1.5702e-14,1.745270594710746e-12,7.827072323607354e-13,True
m65_n19_vd_0p050000_endpoint,n19,0.05,0.6,30,7.988e-14,4.66853e-14,1.5723e-14,3.255173908200959e-12,1.6360246490876307e-12,True
m65_n19_vd_0p050000_endpoint,n19,0.05,0.62,31,1.3789e-13,9.95814e-14,1.5721e-14,5.631273225503719e-12,3.3646418984289994e-12,True
m65_n19_vd_0p050000_endpoint,n19,0.05,0.64,32,2.1943e-13,2.1017e-13,1.5734e-14,9.215961327413424e-12,6.796785356755208e-12,True
m65_n19_vd_0p050000_endpoint,n19,0.05,0.66,33,3.2275e-13,4.354605e-13,1.5751e-14,1.8676393764849308e-11,1.3386403097115362e-11,True
m65_n19_vd_0p050000_endpoint,n19,0.05,0.68,34,4.4176e-13,8.731833e-13,1.5734e-14,3.6944891590451334e-11,2.5281998716764065e-11,True
m65_n19_vd_0p050000_endpoint,n19,0.05,0.7,35,6.9872e-13,1.6624731e-12,1.5762e-14,6.991074386064611e-11,4.4598325033007313e-11,True
m65_n19_vd_0p050000_endpoint,n19,0.05,0.72,36,1.14564e-12,2.9407967e-12,1.5762e-14,1.2405054761188694e-10,7.072009644559785e-11,True
m65_n19_vd_0p050000_endpoint,n19,0.05,0.74,37,1.69481e-12,4.7246395e-12,1.5758e-14,2.0273094314404716e-10,9.46758227371447e-11,True
m65_n19_vd_0p050000_endpoint,n19,0.05,0.76,38,2.22566e-12,6.7498177e-12,1.5789e-14,3.0134361672651266e-10,9.297407288499926e-11,True
m65_n19_vd_0p050000_endpoint,n19,0.05,0.78,39,3.25101e-12,8.4530559e-12,1.5706e-14,4.052309598989723e-10,3.0882407742183204e-11,True
m65_n19_vd_0p050000_endpoint,n19,0.05,0.8,40,0.0,0.0,1.5741e-14,6.088463067044358e-13,0.0,True
m65_n19_vd_0p050000_endpoint,n19,0.05,0.82,41,6.91813e-12,1.1281252e-11,1.5023e-14,6.674305552678561e-10,1.720821263262451e-10,True
m65_n19_vd_0p050000_endpoint,n19,0.05,0.84,42,8.40394e-12,1.17375961e-11,1.3538e-14,7.790701417320633e-10,4.391924601776509e-10,True
m65_n19_vd_0p050000_endpoint,n19,0.05,0.86,43,9.64623e-12,1.08049628e-11,1.1397e-14,7.910452293202752e-10,6.78053502234377e-10,True
m65_n19_vd_0p050000_endpoint,n19,0.05,0.88,44,1.197109e-11,8.8036861e-12,1.016277e-14,7.05028257996787e-10,7.676833613246004e-10,True
m65_n19_vd_0p050000_endpoint,n19,0.05,0.9,45,1.483363e-11,6.3070573e-12,1.015182e-14,6.075271397065762e-10,6.802317598086915e-10,True
m65_n19_vd_0p050000_endpoint,n19,0.05,0.92,46,1.509315e-11,3.9355498e-12,9.478e-15,5.916920287063476e-10,4.923904617371022e-10,True
m65_n19_vd_0p050000_endpoint,n19,0.05,0.94,47,1.384415e-11,2.133259e-12,1.1078e-14,5.355164089948516e-10,3.0232527592488623e-10,True
m65_n19_vd_0p050000_endpoint,n19,0.05,0.96,48,1.117989e-11,2.006905e-12,1.2733e-14,4.3245718117645993e-10,1.6272749814305598e-10,True
m65_n19_vd_0p050000_endpoint,n19,0.05,0.98,49,8.17085e-12,1.572177e-12,1.3995e-14,3.160622874531782e-10,7.872447138623784e-11,True
m65_n19_vd_0p050000_endpoint,n19,0.05,1.0,50,5.56416e-12,1.10216e-12,1.4797e-14,2.152323874682338e-10,3.466515963168604e-11,True
m65_n19_vd_1p000000_endpoint,n19,1.0,0.0,0,1.7e-16,8.415595e-12,1.8432245e-10,7.129910550851548e-09,1.1102230246251565e-15,True
m65_n19_vd_1p000000_endpoint,n19,1.0,0.02,1,2e-16,7.33286e-12,1.7169599e-10,6.6415003496800296e-09,7.771561172376096e-16,True
m65_n19_vd_1p000000_endpoint,n19,1.0,0.04,2,2e-16,5.689501e-12,1.5110313e-10,5.8449306505892196e-09,6.661338147750939e-16,True
m65_n19_vd_1p000000_endpoint,n19,1.0,0.06,3,2e-16,7.6151984e-12,1.2563528e-10,4.859791014055759e-09,4.440892098500626e-16,True
m65_n19_vd_1p000000_endpoint,n19,1.0,0.08,4,3e-16,1.22699906e-11,9.884505e-11,3.823495298149737e-09,3.3306690738754696e-16,True
m65_n19_vd_1p000000_endpoint,n19,1.0,0.1,5,1.7e-16,1.6278681e-11,7.379953e-11,2.854695813070407e-09,2.220446049250313e-16,True
m65_n19_vd_1p000000_endpoint,n19,1.0,0.12,6,2.2e-16,1.921135e-11,5.248935e-11,2.0303801973042823e-09,0.0,True
m65_n19_vd_1p000000_endpoint,n19,1.0,0.14,7,3e-16,1.8000871e-11,3.571454e-11,1.38150180184482e-09,0.0,True
m65_n19_vd_1p000000_endpoint,n19,1.0,0.16,8,2.7e-16,1.7608228e-11,2.534628e-11,9.804390632695004e-10,0.0,True
m65_n19_vd_1p000000_endpoint,n19,1.0,0.18,9,3e-16,1.33583145e-11,5.27506354e-11,2.040485780341328e-09,2.220446049250313e-16,True
m65_n19_vd_1p000000_endpoint,n19,1.0,0.2,10,3.4e-16,2.03768114e-11,2.372071411e-10,9.175581849873993e-09,4.440892098500626e-16,True
m65_n19_vd_1p000000_endpoint,n19,1.0,0.22,11,3.9e-16,2.6567432e-11,4.124214728e-10,1.595317500324711e-08,6.661338147750939e-16,True
m65_n19_vd_1p000000_endpoint,n19,1.0,0.24,12,4.5e-16,2.9804578e-11,5.224771032e-10,2.0210316753477287e-08,6.661338147750939e-16,True
m65_n19_vd_1p000000_endpoint,n19,1.0,0.26,13,5e-16,2.8081544e-11,3.55342162e-10,1.3745248272911681e-08,1.1102230246251565e-15,True
m65_n19_vd_1p000000_endpoint,n19,1.0,0.28,14,5.6e-16,2.2403895e-11,9.454781e-11,3.65726959827839e-09,1.5543122344752192e-15,True
m65_n19_vd_1p000000_endpoint,n19,1.0,0.3,15,6.7e-16,1.5200875e-11,1.7580987e-10,6.800628948866461e-09,2.220446049250313e-15,True
m65_n19_vd_1p000000_endpoint,n19,1.0,0.32,16,7.8e-16,1.76352058e-11,5.4278732e-10,2.0995952532132378e-08,3.1086244689504383e-15,True
m65_n19_vd_1p000000_endpoint,n19,1.0,0.34,17,9.5e-16,2.97720633e-11,1.34653977e-09,5.2086485347047073e-08,4.440892098500626e-15,True
m65_n19_vd_1p000000_endpoint,n19,1.0,0.36,18,1.16e-15,4.2329976e-11,2.17640267e-09,8.418701824552954e-08,6.8833827526759706e-15,True
m65_n19_vd_1p000000_endpoint,n19,1.0,0.38,19,1.5e-15,4.9911854e-11,2.29740934e-09,8.886776448058242e-08,1.0436096431476471e-14,True
m65_n19_vd_1p000000_endpoint,n19,1.0,0.4,20,1.88e-15,4.6675289e-11,2.50869769e-09,9.704076409100537e-08,1.709743457922741e-14,True
m65_n19_vd_1p000000_endpoint,n19,1.0,0.42,21,2.44e-15,3.7581549e-11,2.55854149e-09,9.896880759363569e-08,3.042011087472929e-14,True
m65_n19_vd_1p000000_endpoint,n19,1.0,0.44,22,3.22e-15,3.158455e-11,1.70348346e-09,6.589368517495586e-08,5.750955267558311e-14,True
m65_n19_vd_1p000000_endpoint,n19,1.0,0.46,23,4.27e-15,2.8650831e-11,5.4766802e-10,2.1184745513380676e-08,1.1457501614131615e-13,True
m65_n19_vd_1p000000_endpoint,n19,1.0,0.48,24,5.77e-15,2.5436979e-11,9.241974e-11,3.5749532223405822e-09,2.3669954885008337e-13,True
m65_n19_vd_1p000000_endpoint,n19,1.0,0.5,25,8e-15,1.2661011e-11,1.5380275e-10,5.949356118861715e-09,5.042632977847461e-13,True
m65_n19_vd_1p000000_endpoint,n19,1.0,0.52,26,1.205e-14,5.609221e-12,1.8415713e-10,7.123515111118195e-09,1.0913492332065289e-12,True
m65_n19_vd_1p000000_endpoint,n19,1.0,0.54,27,2.47e-14,3.91434e-12,1.589604e-10,6.148856757093313e-09,2.325473147379853e-12,True
m65_n19_vd_1p000000_endpoint,n19,1.0,0.56,28,4.946e-14,1.135575e-11,1.02410417e-09,3.961411199071563e-08,4.885647442165464e-12,True
m65_n19_vd_1p000000_endpoint,n19,1.0,0.58,29,9.343e-14,3.9513909e-12,9.9993958e-10,3.8679386138440464e-08,9.972911385602856e-12,True
m65_n19_vd_1p000000_endpoint,n19,1.0,0.6,30,1.632e-13,6.7068495e-12,1.38532613e-09,5.358680610356714e-08,1.9568568987438084e-11,True
m65_n19_vd_1p000000_endpoint,n19,1.0,0.62,31,2.6229e-13,8.2542471e-12,1.54352819e-09,5.970634875396286e-08,3.6320058072192296e-11,True
m65_n19_vd_1p000000_endpoint,n19,1.0,0.64,32,3.8752e-13,9.07318e-12,1.23400423e-09,4.7733474506372886e-08,6.215161718614581e-11,True
m65_n19_vd_1p000000_endpoint,n19,1.0,0.66,33,6.0119e-13,1.587297e-11,1.5795904e-09,6.110146499871405e-08,9.453327010078283e-11,True
m65_n19_vd_1p000000_endpoint,n19,1.0,0.68,34,1.0239e-12,2.534839e-11,1.35915074e-09,5.2574653963688434e-08,1.218369849453893e-10,True
m65_n19_vd_1p000000_endpoint,n19,1.0,0.7,35,1.51784e-12,3.646311e-11,7.3954859e-10,2.860746572963535e-08,1.2476997213184404e-10,True
m65_n19_vd_1p000000_endpoint,n19,1.0,0.72,36,1.9062e-12,4.822504e-11,5.1598509e-10,1.995927823017496e-08,9.025580283150703e-11,True
m65_n19_vd_1p000000_endpoint,n19,1.0,0.74,37,2.49046e-12,6.993861e-11,5.168298e-10,1.9990987532025883e-08,2.7684077252843053e-11,True
m65_n19_vd_1p000000_endpoint,n19,1.0,0.76,38,2.75923e-12,5.791273e-11,1.1603113e-10,4.485631199813156e-09,3.4664604520173725e-11,True
m65_n19_vd_1p000000_endpoint,n19,1.0,0.78,39,2.52625e-12,4.852491e-11,6.44805511e-11,2.4809045928719797e-09,7.299205684319077e-11,True
m65_n19_vd_1p000000_endpoint,n19,1.0,0.8,40,0.0,3.91381e-12,7.466283e-11,2.8880835500899593e-09,0.0,True
m65_n19_vd_1p000000_endpoint,n19,1.0,0.82,41,3.55472e-12,4.735384e-11,9.56766905e-11,3.6738336817165873e-09,1.1328105120611554e-10,True
m65_n19_vd_1p000000_endpoint,n19,1.0,0.84,42,2.72682e-12,4.21535e-11,1.48454025e-10,5.716041862058319e-09,9.61004609223437e-11,True
m65_n19_vd_1p000000_endpoint,n19,1.0,0.86,43,1.87972e-12,2.890682e-11,2.67776007e-10,1.033511876080695e-08,7.168754478925621e-11,True
m65_n19_vd_1p000000_endpoint,n19,1.0,0.88,44,1.33105e-12,3.035744e-11,2.20445783e-10,8.508844739907317e-09,4.940692299726379e-11,True
m65_n19_vd_1p000000_endpoint,n19,1.0,0.9,45,8.8468e-13,2.061476e-11,1.74635736e-10,6.7413039595010105e-09,3.237732304484098e-11,True
m65_n19_vd_1p000000_endpoint,n19,1.0,0.92,46,5.6083e-13,1.0863621e-10,2.6803415e-10,1.036476482418891e-08,2.0542234580034346e-11,True
m65_n19_vd_1p000000_endpoint,n19,1.0,0.94,47,3.4817e-13,9.19021e-12,6.2355923e-11,2.4044477520135388e-09,1.301825314214966e-11,True
m65_n19_vd_1p000000_endpoint,n19,1.0,0.96,48,2.2838e-13,4.77557e-12,4.5066822e-11,1.7381436290264674e-09,8.181455513067704e-12,True
m65_n19_vd_1p000000_endpoint,n19,1.0,0.98,49,1.4755e-13,3.91587e-12,3.5812766e-11,1.3817673671923103e-09,5.163869332136528e-12,True
m65_n19_vd_1p000000_endpoint,n19,1.0,1.0,50,9.437e-14,3.91615e-12,2.539441e-11,9.823039048839632e-10,3.2905900226865015e-12,True
m65_n23_vd_0p050000_endpoint,n23,0.05,0.34,17,3.56e-15,2.947e-15,1.6195e-14,6.264988527959758e-13,6.494804694057166e-14,True
m65_n23_vd_0p050000_endpoint,n23,0.05,0.36,18,3.11e-15,2.623e-15,1.6205e-14,6.268319197033634e-13,5.5844218138645374e-14,True
m65_n23_vd_0p050000_endpoint,n23,0.05,0.38,19,2.72e-15,2.316e-15,1.6213e-14,6.270539643082884e-13,4.7628567756419216e-14,True
m65_n23_vd_0p050000_endpoint,n23,0.05,0.4,20,2.39e-15,2.027e-15,1.6216e-14,6.27387031215676e-13,4.085620730620576e-14,True
m65_n23_vd_0p050000_endpoint,n23,0.05,0.42,21,2.05e-15,1.756e-15,1.6219e-14,6.27609075820601e-13,3.441691376337985e-14,True
m65_n23_vd_0p050000_endpoint,n23,0.05,0.44,22,1.78e-15,1.51e-15,1.623e-14,6.279421427279885e-13,2.930988785010413e-14,True
m65_n23_vd_0p050000_endpoint,n23,0.05,0.46,23,1.5e-15,1.285e-15,1.6237e-14,6.280531650304511e-13,2.453592884421596e-14,True
m65_n23_vd_0p050000_endpoint,n23,0.05,0.48,24,1.34e-15,1.086e-15,1.6261e-14,6.289413434501512e-13,2.042810365310288e-14,True
m65_n23_vd_0p050000_endpoint,n23,0.05,0.5,25,1.61e-15,9.58e-16,1.6258e-14,6.288303211476887e-13,1.687538997430238e-14,True
m65_n23_vd_0p050000_endpoint,n23,0.05,0.52,26,1.94e-15,8.91e-16,1.6255e-14,6.287192988452261e-13,1.354472090042691e-14,True
m65_n23_vd_0p050000_endpoint,n23,0.05,0.54,27,2.39e-15,8.3e-16,1.6251e-14,6.287192988452261e-13,1.0658141036401503e-14,True
m65_n23_vd_0p050000_endpoint,n23,0.05,0.56,28,2.83e-15,7.67e-16,1.6272e-14,6.294964549624638e-13,7.993605777301127e-15,True
m65_n23_vd_0p050000_endpoint,n23,0.05,0.58,29,3.5e-15,7.01e-16,1.6282e-14,6.298295218698513e-13,5.551115123125783e-15,True
m65_n23_vd_0p050000_endpoint,n23,0.05,0.6,30,4.22e-15,6.31e-16,1.6272e-14,6.294964549624638e-13,2.6645352591003757e-15,True
m65_n23_vd_1p000000_endpoint,n23,1.0,0.34,17,1.77e-15,3.792492e-11,6.389922e-11,2.471727711395033e-09,3.175237850427948e-14,True
m65_n23_vd_1p000000_endpoint,n23,1.0,0.36,18,1.61e-15,3.792358e-11,8.56607e-11,3.3135013621787834e-09,2.6756374893466273e-14,True
m65_n23_vd_1p000000_endpoint,n23,1.0,0.38,19,1.39e-15,3.792222e-11,1.110102e-10,4.294065436560857e-09,2.2648549702353193e-14,True
m65_n23_vd_1p000000_endpoint,n23,1.0,0.4,20,1.28e-15,3.792086e-11,1.3750956e-10,5.319108375978487e-09,1.9095836023552692e-14,True
m65_n23_vd_1p000000_endpoint,n23,1.0,0.42,21,1.17e-15,3.79195e-11,1.6169143e-10,6.254502915581384e-09,1.5987211554602254e-14,True
m65_n23_vd_1p000000_endpoint,n23,1.0,0.44,22,1.06e-15,3.791817e-11,1.7994129e-10,6.960440779302246e-09,1.354472090042691e-14,True
