state,device,drain_voltage_V,gate_voltage_V,factor,adjoint_weighted_current_A_per_um,relative_to_baseline_current,absolute_contribution_fraction
n17_vd_0p05_vg_0,n17,0.05,0.0,mobility_state,-6.767380498087517e-13,-0.011440157079214041,3.886374356272203e-09
n17_vd_0p05_vg_0,n17,0.05,0.0,mobility_drive,-6.712752641234946e-13,-0.011347809491625187,3.855002645745517e-09
n17_vd_0p05_vg_0,n17,0.05,0.0,bernoulli_weights,-8.706544015228282e-05,-1471828.4449862237,0.49999980645540515
n17_vd_0p05_vg_0,n17,0.05,0.0,carrier_population,8.706550620847697e-05,1471829.5616564588,0.5000001858032179
n17_vd_0p05_vg_0p05,n17,0.05,0.05,mobility_state,-6.456939700625806e-13,-0.8017950456247407,3.7080948948375146e-09
n17_vd_0p05_vg_0p05,n17,0.05,0.05,mobility_drive,-6.41465264869496e-13,-0.7965440210985334,3.6838102633165946e-09
n17_vd_0p05_vg_0p05,n17,0.05,0.05,bernoulli_weights,-8.706545480844273e-05,-108114143.15005651,0.499999974385083
n17_vd_0p05_vg_0p05,n17,0.05,0.05,carrier_population,8.706546244198157e-05,108114152.62905724,0.5000000182230119
n17_vd_0p05_vg_0p8,n17,0.05,0.8,mobility_state,-3.328600090230964e-08,-0.00018402095066159802,0.0002000506773611958
n17_vd_0p05_vg_0p8,n17,0.05,0.8,mobility_drive,-3.3980886213660034e-07,-0.0018786260938085278,0.002042269759088037
n17_vd_0p05_vg_0p8,n17,0.05,0.8,bernoulli_weights,-7.428596231460876e-05,-0.4106883685446696,0.4464626773003115
n17_vd_0p05_vg_0p8,n17,0.05,0.8,carrier_population,9.172878684954876e-05,0.5071206543744877,0.5512950022632392
n17_vd_0p05_vg_2p5,n17,0.05,2.5,mobility_state,-0.0002899621848352158,-0.052800404051151044,0.14828879921892488
n17_vd_0p05_vg_2p5,n17,0.05,2.5,mobility_drive,-4.34197574343357e-06,-0.0007906481797406643,0.0022205184086241075
n17_vd_0p05_vg_2p5,n17,0.05,2.5,bernoulli_weights,-0.00022241599897760713,-0.040500641903122366,0.11374518175261505
n17_vd_0p05_vg_2p5,n17,0.05,2.5,carrier_population,0.001438668152727078,0.2619729872799855,0.7357455006198359
n17_vd_1_vg_0,n17,1.0,0.0,mobility_state,-2.1933487889900303e-13,-0.0037303062111138474,1.2595975316451578e-09
n17_vd_1_vg_0,n17,1.0,0.0,mobility_drive,-2.117880236293638e-13,-0.0036019541622831835,1.2162574102880887e-09
n17_vd_1_vg_0,n17,1.0,0.0,bernoulli_weights,-8.706543240002665e-05,-1480752.741586001,0.4999998372041429
n17_vd_1_vg_0,n17,1.0,0.0,carrier_population,8.706548866448895e-05,1480753.698495701,0.500000160320002
n17_vd_1_vg_0p05,n17,1.0,0.05,mobility_state,2.7297804925164126e-13,0.04688063373655154,1.5676599746486382e-09
n17_vd_1_vg_0p05,n17,1.0,0.05,mobility_drive,2.8516410551810673e-13,0.048973439521072845,1.6376421314928456e-09
n17_vd_1_vg_0p05,n17,1.0,0.05,bernoulli_weights,-8.70654508367195e-05,-14952423.914573934,0.49999999203468304
n17_vd_1_vg_0p05,n17,1.0,0.05,carrier_population,8.706545305259303e-05,14952424.29512305,0.5000000047600148
n17_vd_1_vg_0p8,n17,1.0,0.8,mobility_state,1.8126971739490264e-08,2.635712290673133e-05,0.00010402289601880843
n17_vd_1_vg_0p8,n17,1.0,0.8,mobility_drive,1.9401132052077897e-06,0.0028209787568230704,0.011133475415001787
n17_vd_1_vg_0p8,n17,1.0,0.8,bernoulli_weights,-5.900677835372078e-05,-0.08579750284550322,0.3386145274183881
n17_vd_1_vg_0p8,n17,1.0,0.8,carrier_population,0.00011329442273899933,0.16473325317066734,0.6501479742705913
n17_vd_1_vg_2p5,n17,1.0,2.5,mobility_state,-0.0006116732532422286,-0.01834740082457361,0.06630148380616646
n17_vd_1_vg_2p5,n17,1.0,2.5,mobility_drive,-9.396147766388467e-05,-0.0028184147069216575,0.010184825569393445
n17_vd_1_vg_2p5,n17,1.0,2.5,bernoulli_weights,8.146951268648548e-06,0.00024437128750007595,0.000883077614959931
n17_vd_1_vg_2p5,n17,1.0,2.5,carrier_population,0.008511852770147089,0.255316664094516,0.9226306130094802
n21_vd_0p05_vg_0,n21,0.05,0.0,mobility_state,-1.069509844826544e-13,-0.0018692151527134172,6.275575137066205e-10
n21_vd_0p05_vg_0,n21,0.05,0.0,mobility_drive,-1.0141773196770953e-13,-0.0017725088017176301,5.95089984699883e-10
n21_vd_0p05_vg_0,n21,0.05,0.0,bernoulli_weights,-8.52120662213585e-05,-1489277.4119420552,0.49999981462865767
n21_vd_0p05_vg_0,n21,0.05,0.0,carrier_population,8.52121291965136e-05,1489278.5125781526,0.5000001841486948
n21_vd_0p05_vg_0p05,n21,0.05,0.05,mobility_state,-9.913459957675644e-14,-2133.7183902836305,5.816933298662292e-10
n21_vd_0p05_vg_0p05,n21,0.05,0.05,mobility_drive,-9.375186488385821e-14,-2017.8633804960332,5.501089901839557e-10
n21_vd_0p05_vg_0p05,n21,0.05,0.05,bernoulli_weights,-8.521207914403224e-05,-1834057746943.8413,0.4999999825866907
n21_vd_0p05_vg_0p05,n21,0.05,0.05,carrier_population,8.521208488644314e-05,1834057870540.3232,0.5000000162815069
n21_vd_0p05_vg_0p8,n21,0.05,0.8,mobility_state,-1.514766373891686e-09,-0.0005214769127961865,8.906419268451125e-06
n21_vd_0p05_vg_0p8,n21,0.05,0.8,mobility_drive,-7.520630316079367e-09,-0.0025890692763628174,4.421928550337394e-05
n21_vd_0p05_vg_0p8,n21,0.05,0.8,bernoulli_weights,-8.484442298292983e-05,-29.20873378740303,0.49886240987405056
n21_vd_0p05_vg_0p8,n21,0.05,0.8,carrier_population,8.522234068559895e-05,29.338836594196,0.5010844644211775
n21_vd_0p05_vg_2p5,n21,0.05,2.5,mobility_state,-0.00026542498044696027,-0.05468004372017868,0.1424926661164361
n21_vd_0p05_vg_2p5,n21,0.05,2.5,mobility_drive,-3.295106237339333e-06,-0.0006788228930711093,0.0017689686634043296
n21_vd_0p05_vg_2p5,n21,0.05,2.5,bernoulli_weights,-0.00015945450073527796,-0.03284912767781693,0.08560270738561973
n21_vd_0p05_vg_2p5,n21,0.05,2.5,carrier_population,0.0014345527211569323,0.29553136023471327,0.7701356578345399
n21_vd_1_vg_0,n21,1.0,0.0,mobility_state,1.0611808554600641e-12,0.018671111856424963,6.226703459704575e-09
n21_vd_1_vg_0,n21,1.0,0.0,mobility_drive,1.06668944923321e-12,0.01876803366761371,6.259026300555755e-09
n21_vd_1_vg_0,n21,1.0,0.0,bernoulli_weights,-8.52120595865999e-05,-1499276.8554687055,0.4999998101232254
n21_vd_1_vg_0,n21,1.0,0.0,carrier_population,8.52121221779183e-05,1499277.9567414068,0.5000001773910449
n21_vd_1_vg_0p05,n21,1.0,0.05,mobility_state,1.8449563107490395e-13,1266.9119270211577,1.0825673457285643e-09
n21_vd_1_vg_0p05,n21,1.0,0.05,mobility_drive,1.8983552546529472e-13,1303.5804153360534,1.1139003115174897e-09
n21_vd_1_vg_0p05,n21,1.0,0.05,bernoulli_weights,-8.521207630580156e-05,-585142288568.4893,0.4999999768717532
n21_vd_1_vg_0p05,n21,1.0,0.05,carrier_population,8.521208381469451e-05,585142340131.2605,0.5000000209317792
n21_vd_1_vg_0p8,n21,1.0,0.8,mobility_state,-3.930526542385215e-09,-0.0003591025349670632,2.3224868109043008e-05
n21_vd_1_vg_0p8,n21,1.0,0.8,mobility_drive,1.3789757017085642e-08,0.0012598659869143766,8.148152277409973e-05
n21_vd_1_vg_0p8,n21,1.0,0.8,bernoulli_weights,-8.394800057157156e-05,-7.669695010474078,0.4960356380418855
n21_vd_1_vg_0p8,n21,1.0,0.8,carrier_population,8.527212040756256e-05,7.790669842872994,0.5038596555672313
n21_vd_1_vg_2p5,n21,1.0,2.5,mobility_state,-0.0005089848105706623,-0.018245895699196248,0.05777007385558586
n21_vd_1_vg_2p5,n21,1.0,2.5,mobility_drive,-6.8565226202507e-05,-0.00245790039290192,0.0077821932980726375
n21_vd_1_vg_2p5,n21,1.0,2.5,bernoulli_weights,0.00013748597207978512,0.004928545321141964,0.01560473828728045
n21_vd_1_vg_2p5,n21,1.0,2.5,carrier_population,0.008095491252078495,0.2902041199492207,0.9188429945590612
