state,device,drain_voltage_V,gate_voltage_V,baseline_current_A_per_um,factor_sum_A_per_um,endpoint_weighted_A_per_um,m15_electron_transport_A_per_um,closure_A_per_um,relative_closure,endpoint_closure_A_per_um,dominant_absolute_factor,dominant_absolute_grouped_factor
n17_vd_0p05_vg_0,n17,0.05,0.0,5.915461170007334e-11,6.470818083778513e-11,6.470823070694637e-11,6.470823070694636e-11,-4.9869161226611174e-17,7.706772489648334e-07,1.2924697071141057e-26,carrier_population,sg_state_kernel
n17_vd_0p05_vg_0p05,n17,0.05,0.05,8.053105012135244e-13,6.346379599202298e-12,6.34637406341655e-12,6.346374063416546e-12,5.5357857525603435e-18,8.72274604131174e-07,4.0389678347315804e-27,carrier_population,sg_state_kernel
n17_vd_0p05_vg_0p8,n17,0.05,0.8,0.00018088158322538138,1.706972967190109e-05,1.7069729671907597e-05,1.706972967190759e-05,-6.5018249031240094e-18,3.8089794203503704e-13,6.776263578034403e-21,carrier_population,sg_state_kernel
n17_vd_0p05_vg_2p5,n17,0.05,2.5,0.005491666021235583,0.0009219479931708216,0.0009219479931698351,0.0009219479931698349,9.867323971790576e-16,1.0702690439028187e-12,2.168404344971009e-19,carrier_population,sg_state_kernel
n17_vd_1_vg_0,n17,1.0,0.0,5.879808961675319e-11,5.583333939785222e-11,5.583325762735957e-11,5.583325762735954e-11,8.177049267946354e-17,1.4645459784662114e-06,3.2311742677852644e-26,carrier_population,sg_state_kernel
n17_vd_1_vg_0p05,n17,1.0,0.05,5.822831892283226e-12,2.7740156897778206e-12,2.77392756445081e-12,2.7739275644508076e-12,8.812532701299176e-17,3.1768142962468244e-05,2.4233807008389483e-27,carrier_population,sg_state_kernel
n17_vd_1_vg_0p8,n17,1.0,0.8,0.0006877447058100878,5.624588456222582e-05,5.6245884562289594e-05,5.624588456228963e-05,-6.380529785077194e-17,1.1343994026818197e-12,-3.3881317890172014e-20,carrier_population,sg_state_kernel
n17_vd_1_vg_2p5,n17,1.0,2.5,0.033338414475743254,0.007814364990509625,0.00781436499050939,0.00781436499050939,2.3418766925686896e-16,2.996886753322692e-14,0.0,carrier_population,sg_state_kernel
n21_vd_0p05_vg_0,n21,0.05,0.0,5.7217054081441963e-11,6.276678638995376e-11,6.27667883323192e-11,6.276678833231923e-11,-1.9423654681918622e-18,3.094575204179627e-08,-2.5849394142282115e-26,carrier_population,sg_state_kernel
n21_vd_0p05_vg_0p05,n21,0.05,0.05,4.64609575603736e-17,5.5495244361693e-12,5.549517028543416e-12,5.549517028543413e-12,7.407625887352053e-18,1.3348217441971215e-06,3.2311742677852644e-27,carrier_population,sg_state_kernel
n21_vd_0p05_vg_0p8,n21,0.05,0.8,2.904762103022796e-06,3.6888230597914796e-07,3.6888230597362403e-07,3.688823059736237e-07,5.52424300287414e-18,1.497562478148901e-11,3.1763735522036263e-22,carrier_population,sg_state_kernel
n21_vd_0p05_vg_2p5,n21,0.05,2.5,0.004854147187687965,0.0010063781337373548,0.0010063781337372208,0.0010063781337372212,1.3357370765021415e-16,1.3272715609804207e-13,-4.336808689942018e-19,carrier_population,sg_state_kernel
n21_vd_1_vg_0,n21,1.0,0.0,5.6835439882756556e-11,6.471918870410414e-11,6.471919235209493e-11,6.471919235209492e-11,-3.647990772321191e-18,5.636644463167668e-08,1.2924697071141057e-26,carrier_population,sg_state_kernel
n21_vd_1_vg_0p05,n21,1.0,0.05,1.4562624847072172e-16,7.88322410515611e-12,7.883227480155092e-12,7.88322748015509e-12,-3.374998980089408e-18,4.281240124790881e-07,1.6155871338926322e-27,carrier_population,sg_state_kernel
n21_vd_1_vg_0p8,n21,1.0,0.8,1.094541575081257e-05,1.3339790664657008e-06,1.3339790664539355e-06,1.3339790664539357e-06,1.1765075879125418e-17,8.819535609577664e-12,-2.117582368135751e-22,carrier_population,sg_state_kernel
n21_vd_1_vg_2p5,n21,1.0,2.5,0.02789585224873798,0.007655427187385111,0.007655427187385371,0.0076554271873853705,-2.5934115965853266e-16,3.3876771773869863e-14,8.673617379884035e-19,carrier_population,sg_state_kernel
