key,amplitude,port,derivative_A_per_um
m65_n19_vd_0p050000_endpoint,full,drain,9.938323849041512e-19
m65_n19_vd_0p050000_endpoint,full,gate,0.0
m65_n19_vd_0p050000_endpoint,full,source,-1.00579765415679e-26
m65_n19_vd_0p050000_endpoint,full,substrate,-9.938323775193654e-19
m65_n19_vd_0p050000_endpoint,half,drain,9.93832372479592e-19
m65_n19_vd_0p050000_endpoint,half,gate,0.0
m65_n19_vd_0p050000_endpoint,half,source,1.2621774483536189e-26
m65_n19_vd_0p050000_endpoint,half,substrate,-9.938323775209062e-19
m65_n19_vd_1p000000_endpoint,full,drain,5.127373204280251e-19
m65_n19_vd_1p000000_endpoint,full,gate,0.0
m65_n19_vd_1p000000_endpoint,full,source,0.0
m65_n19_vd_1p000000_endpoint,full,substrate,-5.127373649555254e-19
m65_n19_vd_1p000000_endpoint,half,drain,5.127372162983856e-19
m65_n19_vd_1p000000_endpoint,half,gate,0.0
m65_n19_vd_1p000000_endpoint,half,source,0.0
m65_n19_vd_1p000000_endpoint,half,substrate,-5.127373648630808e-19
m65_n23_vd_0p050000_endpoint,full,drain,1.5773338239969326e-20
m65_n23_vd_0p050000_endpoint,full,gate,0.0
m65_n23_vd_0p050000_endpoint,full,source,1.4482993181792014e-28
m65_n23_vd_0p050000_endpoint,full,substrate,-1.5773338290813877e-20
m65_n23_vd_0p050000_endpoint,half,drain,1.5773338622073827e-20
m65_n23_vd_0p050000_endpoint,half,gate,0.0
m65_n23_vd_0p050000_endpoint,half,source,-2.8965986363584027e-28
m65_n23_vd_0p050000_endpoint,half,substrate,-1.577333830776206e-20
m65_n23_vd_1p000000_endpoint,full,drain,3.0665565113033683e-18
m65_n23_vd_1p000000_endpoint,full,gate,0.0
m65_n23_vd_1p000000_endpoint,full,source,0.0
m65_n23_vd_1p000000_endpoint,full,substrate,-3.0665565104528777e-18
m65_n23_vd_1p000000_endpoint,half,drain,3.066556511106153e-18
m65_n23_vd_1p000000_endpoint,half,gate,0.0
m65_n23_vd_1p000000_endpoint,half,source,-4.930380657631324e-29
m65_n23_vd_1p000000_endpoint,half,substrate,-3.066556510391248e-18
