case,device,vd,vg,index,exit_code,native_qualified,Id_A_per_um,kcl_over_Id
m65_n19_vd_0p050000_endpoint,n19,0.05,0.0,0,0,True,2.80617268975095e-15,8.740960191545722e-16
m65_n19_vd_0p050000_endpoint,n19,0.05,0.02,1,0,True,4.47067716638116e-15,3.653112340836677e-17
m65_n19_vd_0p050000_endpoint,n19,0.05,0.04,2,0,True,7.15719801569028e-15,5.898451361611046e-16
m65_n19_vd_0p050000_endpoint,n19,0.05,0.06,3,0,True,1.15048140162897e-14,5.507662777040758e-15
m65_n19_vd_0p050000_endpoint,n19,0.05,0.08,4,0,True,1.8557717439619e-14,2.603148050843785e-15
m65_n19_vd_0p050000_endpoint,n19,0.05,0.1,5,0,True,3.00247582191466e-14,2.033439188266217e-15
m65_n19_vd_0p050000_endpoint,n19,0.05,0.12,6,0,True,4.87066781523863e-14,8.122118629790226e-16
m65_n19_vd_0p050000_endpoint,n19,0.05,0.14,7,0,True,7.92001135037176e-14,1.4679844982458423e-16
m65_n19_vd_0p050000_endpoint,n19,0.05,0.16,8,0,True,1.29058778290794e-13,3.173274946981642e-15
m65_n19_vd_0p050000_endpoint,n19,0.05,0.18,9,0,True,2.10710416167657e-13,4.434505492253784e-15
m65_n19_vd_0p050000_endpoint,n19,0.05,0.2,10,0,True,3.44623975664234e-13,1.0981798351035881e-15
m65_n19_vd_0p050000_endpoint,n19,0.05,0.22,11,0,True,5.64546220183911e-13,1.0070100274850863e-16
m65_n19_vd_0p050000_endpoint,n19,0.05,0.24,12,0,True,9.26165599295491e-13,9.738821698245186e-16
m65_n19_vd_0p050000_endpoint,n19,0.05,0.26,13,0,True,1.52145467702968e-12,6.356580945030859e-17
m65_n19_vd_0p050000_endpoint,n19,0.05,0.28,14,0,True,2.50242463225093e-12,2.9791281651603047e-15
m65_n19_vd_0p050000_endpoint,n19,0.05,0.3,15,0,True,4.12048412313616e-12,1.964317200189737e-15
m65_n19_vd_0p050000_endpoint,n19,0.05,0.32,16,0,True,6.79167264435572e-12,4.2848902406764273e-17
m65_n19_vd_0p050000_endpoint,n19,0.05,0.34,17,0,True,1.12047987164113e-11,1.5608034523478875e-15
m65_n19_vd_0p050000_endpoint,n19,0.05,0.36,18,0,True,1.85007129567609e-11,1.0866323424443791e-16
m65_n19_vd_0p050000_endpoint,n19,0.05,0.38,19,0,True,3.05694831173534e-11,1.781587772690975e-16
m65_n19_vd_0p050000_endpoint,n19,0.05,0.4,20,0,True,5.05428788245299e-11,1.44167857847359e-15
m65_n19_vd_0p050000_endpoint,n19,0.05,0.42,21,0,True,8.36101297704337e-11,2.445838135046943e-16
m65_n19_vd_0p050000_endpoint,n19,0.05,0.44,22,0,True,1.38368135349665e-10,2.6100612235474486e-15
m65_n19_vd_0p050000_endpoint,n19,0.05,0.46,23,0,True,2.2905383192794e-10,2.199570561130305e-15
m65_n19_vd_0p050000_endpoint,n19,0.05,0.48,24,0,True,3.79229460975691e-10,2.0942279246175814e-16
m65_n19_vd_0p050000_endpoint,n19,0.05,0.5,25,0,True,6.27853735127926e-10,2.1115761824670642e-16
m65_n19_vd_0p050000_endpoint,n19,0.05,0.52,26,0,True,1.03925561895018e-09,5.6413400074311875e-15
m65_n19_vd_0p050000_endpoint,n19,0.05,0.54,27,0,True,1.71945765494834e-09,3.817185318056365e-16
m65_n19_vd_0p050000_endpoint,n19,0.05,0.56,28,0,True,2.84275476231319e-09,1.2952145957338525e-18
m65_n19_vd_0p050000_endpoint,n19,0.05,0.58,29,0,True,4.69468951426299e-09,2.745732785516478e-16
m65_n19_vd_0p050000_endpoint,n19,0.05,0.6,30,0,True,7.74086663704545e-09,2.3495326750024327e-16
m65_n19_vd_0p050000_endpoint,n19,0.05,0.62,31,0,True,1.27356452161842e-08,5.682027876880008e-15
m65_n19_vd_0p050000_endpoint,n19,0.05,0.64,32,0,True,2.08904907471195e-08,5.253574198182321e-16
m65_n19_vd_0p050000_endpoint,n19,0.05,0.66,33,0,True,3.41274068971542e-08,1.400792584787213e-15
m65_n19_vd_0p050000_endpoint,n19,0.05,0.68,34,0,True,5.54445698972258e-08,2.8303791703739164e-16
m65_n19_vd_0p050000_endpoint,n19,0.05,0.7,35,0,True,8.94103319584528e-08,7.010671878669834e-16
m65_n19_vd_0p050000_endpoint,n19,0.05,0.72,36,0,True,1.4276245396088e-07,3.2819786385760295e-15
m65_n19_vd_0p050000_endpoint,n19,0.05,0.74,37,0,True,2.25001950889462e-07,1.1897373408517984e-15
m65_n19_vd_0p050000_endpoint,n19,0.05,0.76,38,0,True,3.487292819711e-07,4.3165585666656984e-16
m65_n19_vd_0p050000_endpoint,n19,0.05,0.78,39,0,True,5.29324337709423e-07,5.060338633967558e-16
m65_n19_vd_0p050000_endpoint,n19,0.05,0.8,40,0,True,7.83567248146908e-07,5.206324355941961e-17
m65_n19_vd_0p050000_endpoint,n19,0.05,0.82,41,0,True,1.12712537645374e-06,1.7471483114695722e-15
m65_n19_vd_0p050000_endpoint,n19,0.05,0.84,42,0,True,1.57149635277761e-06,3.3733323664930813e-15
m65_n19_vd_0p050000_endpoint,n19,0.05,0.86,43,0,True,2.12158362541854e-06,3.0571488238206673e-15
m65_n19_vd_0p050000_endpoint,n19,0.05,0.88,44,0,True,2.77498877198425e-06,6.63674665580903e-16
m65_n19_vd_0p050000_endpoint,n19,0.05,0.9,45,0,True,3.52323679588719e-06,2.769092361896986e-16
m65_n19_vd_0p050000_endpoint,n19,0.05,0.92,46,0,True,4.3541765885889e-06,2.7978614374083547e-16
m65_n19_vd_0p050000_endpoint,n19,0.05,0.94,47,0,True,5.25445956770425e-06,3.5645610603744403e-16
m65_n19_vd_0p050000_endpoint,n19,0.05,0.96,48,0,True,6.21135302075086e-06,5.754743149992674e-16
m65_n19_vd_0p050000_endpoint,n19,0.05,0.98,49,0,True,7.21370670880781e-06,5.308069453653336e-16
m65_n19_vd_0p050000_endpoint,n19,0.05,1.0,50,0,True,8.25225411449733e-06,2.0711769816443786e-16
m65_n19_vd_1p000000_endpoint,n19,1.0,0.0,0,0,True,4.3707534016642e-14,1.3423665083340802e-15
m65_n19_vd_1p000000_endpoint,n19,1.0,0.02,1,0,True,7.02785993718373e-14,9.59366807189483e-17
m65_n19_vd_1p000000_endpoint,n19,1.0,0.04,2,0,True,1.13373662630191e-13,2.495443487694024e-15
m65_n19_vd_1p000000_endpoint,n19,1.0,0.06,3,0,True,1.83420171573689e-13,1.202420927181872e-15
m65_n19_vd_1p000000_endpoint,n19,1.0,0.08,4,0,True,2.9749894710938e-13,2.0379116948416394e-15
m65_n19_vd_1p000000_endpoint,n19,1.0,0.1,5,0,True,4.83625541952046e-13,1.1915986505617174e-15
m65_n19_vd_1p000000_endpoint,n19,1.0,0.12,6,0,True,7.87804409274947e-13,5.1151317808785345e-16
m65_n19_vd_1p000000_endpoint,n19,1.0,0.14,7,0,True,1.28566025240052e-12,2.3910899572015258e-15
m65_n19_vd_1p000000_endpoint,n19,1.0,0.16,8,0,True,2.1016288960535e-12,2.2502118247972466e-15
m65_n19_vd_1p000000_endpoint,n19,1.0,0.18,9,0,True,3.44063833048204e-12,1.1086999412329739e-16
m65_n19_vd_1p000000_endpoint,n19,1.0,0.2,10,0,True,5.64043301461386e-12,5.106376477055991e-16
m65_n19_vd_1p000000_endpoint,n19,1.0,0.22,11,0,True,9.25802362439312e-12,2.7436289451770534e-16
m65_n19_vd_1p000000_endpoint,n19,1.0,0.24,12,0,True,1.52125549332357e-11,1.6732411845408162e-15
m65_n19_vd_1p000000_endpoint,n19,1.0,0.26,13,0,True,2.50214439639609e-11,2.6941408833138274e-15
m65_n19_vd_1p000000_endpoint,n19,1.0,0.28,14,0,True,4.11906836578488e-11,7.026660331016913e-16
m65_n19_vd_1p000000_endpoint,n19,1.0,0.3,15,0,True,6.78598731880667e-11,8.377339789613769e-16
m65_n19_vd_1p000000_endpoint,n19,1.0,0.32,16,0,True,1.11867890123352e-10,8.579309519567405e-16
m65_n19_vd_1p000000_endpoint,n19,1.0,0.34,17,0,True,1.8451260808019e-10,1.7983791567513256e-15
m65_n19_vd_1p000000_endpoint,n19,1.0,0.36,18,0,True,3.04454434966268e-10,1.8124174390535437e-15
m65_n19_vd_1p000000_endpoint,n19,1.0,0.38,19,0,True,5.02501937990341e-10,1.0492829498279544e-15
m65_n19_vd_1p000000_endpoint,n19,1.0,0.4,20,0,True,8.2948773114219e-10,6.854436190858389e-16
m65_n19_vd_1p000000_endpoint,n19,1.0,0.42,21,0,True,1.36920389930181e-09,2.7237780125728957e-15
m65_n19_vd_1p000000_endpoint,n19,1.0,0.44,22,0,True,2.25958949776346e-09,1.6149521303210644e-15
m65_n19_vd_1p000000_endpoint,n19,1.0,0.46,23,0,True,3.72730785951951e-09,1.4874963289164338e-15
m65_n19_vd_1p000000_endpoint,n19,1.0,0.48,24,0,True,6.14389821922918e-09,7.709033652708865e-17
m65_n19_vd_1p000000_endpoint,n19,1.0,0.5,25,0,True,1.01163544883853e-08,2.8662736484694966e-16
m65_n19_vd_1p000000_endpoint,n19,1.0,0.52,26,0,True,1.66319030664826e-08,5.303293720514946e-15
m65_n19_vd_1p000000_endpoint,n19,1.0,0.54,27,0,True,2.72864786112543e-08,1.5036033862460277e-15
m65_n19_vd_1p000000_endpoint,n19,1.0,0.56,28,0,True,4.46388796973577e-08,1.4154488511715061e-16
m65_n19_vd_1p000000_endpoint,n19,1.0,0.58,29,0,True,7.274590946105e-08,1.4020527116701482e-15
m65_n19_vd_1p000000_endpoint,n19,1.0,0.6,30,0,True,1.17941775161882e-07,3.2319753581364265e-18
m65_n19_vd_1p000000_endpoint,n19,1.0,0.62,31,0,True,1.8991359781346e-07,3.3942073044824666e-16
m65_n19_vd_1p000000_endpoint,n19,1.0,0.64,32,0,True,3.03069592166302e-07,2.512922958089146e-16
m65_n19_vd_1p000000_endpoint,n19,1.0,0.66,33,0,True,4.78067973256969e-07,8.6383186275488415e-16
m65_n19_vd_1p000000_endpoint,n19,1.0,0.68,34,0,True,7.43165466606057e-07,3.2501791583545604e-16
m65_n19_vd_1p000000_endpoint,n19,1.0,0.7,35,0,True,1.13482169749222e-06,4.812027430091894e-15
m65_n19_vd_1p000000_endpoint,n19,1.0,0.72,36,0,True,1.69693838291526e-06,2.029870385558189e-15
m65_n19_vd_1p000000_endpoint,n19,1.0,0.74,37,0,True,2.47842519225535e-06,4.120049866016626e-16
m65_n19_vd_1p000000_endpoint,n19,1.0,0.76,38,0,True,3.52945462961435e-06,2.995047489645094e-16
m65_n19_vd_1p000000_endpoint,n19,1.0,0.78,39,0,True,4.89740997499155e-06,6.531546905825118e-16
m65_n19_vd_1p000000_endpoint,n19,1.0,0.8,40,0,True,6.62365716117091e-06,7.998989533816427e-16
m65_n19_vd_1p000000_endpoint,n19,1.0,0.82,41,0,True,8.74180022997545e-06,1.2289162014358887e-16
m65_n19_vd_1p000000_endpoint,n19,1.0,0.84,42,0,True,1.12774070673614e-05,6.3219023238197434e-15
m65_n19_vd_1p000000_endpoint,n19,1.0,0.86,43,0,True,1.42487530027464e-05,3.3813642564031025e-15
m65_n19_vd_1p000000_endpoint,n19,1.0,0.88,44,0,True,1.76680456485227e-05,2.239599885209731e-15
m65_n19_vd_1p000000_endpoint,n19,1.0,0.9,45,0,True,2.15427292425461e-05,1.795332828507368e-15
m65_n19_vd_1p000000_endpoint,n19,1.0,0.92,46,0,True,2.58766493695879e-05,1.8296296162642086e-15
m65_n19_vd_1p000000_endpoint,n19,1.0,0.94,47,0,True,3.06709981025901e-05,1.1104865974628916e-15
m65_n19_vd_1p000000_endpoint,n19,1.0,0.96,48,0,True,3.59250382839452e-05,9.658495422579692e-17
m65_n19_vd_1p000000_endpoint,n19,1.0,0.98,49,0,True,4.16366392561205e-05,6.29900429209307e-16
m65_n19_vd_1p000000_endpoint,n19,1.0,1.0,50,0,True,4.78026644988013e-05,8.533249523524814e-16
m65_n23_vd_0p050000_endpoint,n23,0.05,0.0,0,0,True,6.963662273472e-17,4.425096723542257e-17
m65_n23_vd_0p050000_endpoint,n23,0.05,0.02,1,0,True,9.39152710347641e-17,9.843408458712492e-17
m65_n23_vd_0p050000_endpoint,n23,0.05,0.04,2,0,True,1.3039361005778e-16,2.3632200302254912e-17
m65_n23_vd_0p050000_endpoint,n23,0.05,0.06,3,0,True,1.85504574620627e-16,3.272442847904604e-15
m65_n23_vd_0p050000_endpoint,n23,0.05,0.08,4,0,True,2.69190036264159e-16,7.784135730183798e-16
m65_n23_vd_0p050000_endpoint,n23,0.05,0.1,5,0,True,3.96862779954129e-16,1.5296297590341487e-15
m65_n23_vd_0p050000_endpoint,n23,0.05,0.12,6,0,True,5.92488684219353e-16,5.200922807630769e-18
m65_n23_vd_0p050000_endpoint,n23,0.05,0.14,7,0,True,8.93439848007864e-16,5.276993761104839e-16
m65_n23_vd_0p050000_endpoint,n23,0.05,0.16,8,0,True,1.35815267304846e-15,2.913244259106915e-15
m65_n23_vd_0p050000_endpoint,n23,0.05,0.18,9,0,True,2.07823682952666e-15,3.715750098978793e-15
m65_n23_vd_0p050000_endpoint,n23,0.05,0.2,10,0,True,3.19765933391947e-15,5.945843013766647e-16
m65_n23_vd_0p050000_endpoint,n23,0.05,0.22,11,0,True,4.94319390540721e-15,1.3172018093123922e-15
m65_n23_vd_0p050000_endpoint,n23,0.05,0.24,12,0,True,7.6728354943293e-15,2.9478178287022954e-16
m65_n23_vd_0p050000_endpoint,n23,0.05,0.26,13,0,True,1.19529076464367e-14,3.0812539176177286e-15
m65_n23_vd_0p050000_endpoint,n23,0.05,0.28,14,0,True,1.86810627249323e-14,2.5631968242056606e-15
m65_n23_vd_0p050000_endpoint,n23,0.05,0.3,15,0,True,2.92827876764493e-14,1.9373221248158596e-16
m65_n23_vd_0p050000_endpoint,n23,0.05,0.32,16,0,True,4.60257976105053e-14,1.0052740720651467e-15
m65_n23_vd_0p050000_endpoint,n23,0.05,0.34,17,0,True,7.25237341482388e-14,6.130791469895822e-16
m65_n23_vd_0p050000_endpoint,n23,0.05,0.36,18,0,True,1.14544210692507e-13,5.342233061546575e-16
m65_n23_vd_0p050000_endpoint,n23,0.05,0.38,19,0,True,1.8130670632404e-13,1.2002911732513758e-15
m65_n23_vd_0p050000_endpoint,n23,0.05,0.4,20,0,True,2.87569701221865e-13,1.565766531192352e-16
m65_n23_vd_0p050000_endpoint,n23,0.05,0.42,21,0,True,4.56990671540304e-13,3.913974112256173e-16
m65_n23_vd_0p050000_endpoint,n23,0.05,0.44,22,0,True,7.27540740123066e-13,5.124979237014394e-16
m65_n23_vd_0p050000_endpoint,n23,0.05,0.46,23,0,True,1.16023864796518e-12,6.542645151457472e-16
m65_n23_vd_0p050000_endpoint,n23,0.05,0.48,24,0,True,1.85325097824787e-12,6.405999702475717e-16
m65_n23_vd_0p050000_endpoint,n23,0.05,0.5,25,0,True,2.96467320254796e-12,9.103874596473406e-16
m65_n23_vd_0p050000_endpoint,n23,0.05,0.52,26,0,True,4.74936049876522e-12,7.850326708357316e-16
m65_n23_vd_0p050000_endpoint,n23,0.05,0.54,27,0,True,7.61850641894864e-12,1.1288611010471753e-15
m65_n23_vd_0p050000_endpoint,n23,0.05,0.56,28,0,True,1.22360607139817e-11,1.1680362767493675e-15
m65_n23_vd_0p050000_endpoint,n23,0.05,0.58,29,0,True,1.96748098115985e-11,4.892382889909034e-15
m65_n23_vd_0p050000_endpoint,n23,0.05,0.6,30,0,True,3.16690695306612e-11,9.170594532817206e-16
m65_n23_vd_0p050000_endpoint,n23,0.05,0.62,31,0,True,5.10237635488211e-11,4.885368302971699e-17
m65_n23_vd_0p050000_endpoint,n23,0.05,0.64,32,0,True,8.22764779017042e-11,4.2263142484188005e-16
m65_n23_vd_0p050000_endpoint,n23,0.05,0.66,33,0,True,1.32768341870483e-10,2.177934961854403e-15
m65_n23_vd_0p050000_endpoint,n23,0.05,0.68,34,0,True,2.14374701029379e-10,1.1221547364735378e-15
m65_n23_vd_0p050000_endpoint,n23,0.05,0.7,35,0,True,3.46298644005638e-10,1.5624009117317634e-15
m65_n23_vd_0p050000_endpoint,n23,0.05,0.72,36,0,True,5.59572435453788e-10,1.5410903496169154e-16
m65_n23_vd_0p050000_endpoint,n23,0.05,0.74,37,0,True,9.04294272258157e-10,7.442295289578165e-16
m65_n23_vd_0p050000_endpoint,n23,0.05,0.76,38,0,True,1.46122612147059e-09,5.528643214429312e-16
m65_n23_vd_0p050000_endpoint,n23,0.05,0.78,39,0,True,2.36030189271311e-09,2.1041190196383724e-17
m65_n23_vd_0p050000_endpoint,n23,0.05,0.8,40,0,True,3.80999235651444e-09,3.3597263275824105e-16
m65_n23_vd_0p050000_endpoint,n23,0.05,0.82,41,0,True,6.14352502721619e-09,4.1723429944892775e-16
m65_n23_vd_0p050000_endpoint,n23,0.05,0.84,42,0,True,9.89083366596879e-09,5.103525139275876e-16
m65_n23_vd_0p050000_endpoint,n23,0.05,0.86,43,0,True,1.58888398971156e-08,3.410800168658892e-15
m65_n23_vd_0p050000_endpoint,n23,0.05,0.88,44,0,True,2.54468111497619e-08,3.267340226793773e-15
m65_n23_vd_0p050000_endpoint,n23,0.05,0.9,45,0,True,4.05865265651152e-08,7.778563513972432e-16
m65_n23_vd_0p050000_endpoint,n23,0.05,0.92,46,0,True,6.43749626059602e-08,4.567860025520883e-16
m65_n23_vd_0p050000_endpoint,n23,0.05,0.94,47,0,True,1.013525890787e-07,1.323458985103701e-15
m65_n23_vd_0p050000_endpoint,n23,0.05,0.96,48,0,True,1.58021398935833e-07,1.2692797680388766e-15
m65_n23_vd_0p050000_endpoint,n23,0.05,0.98,49,0,True,2.43282081767636e-07,3.737274222535215e-15
m65_n23_vd_0p050000_endpoint,n23,0.05,1.0,50,0,True,3.68604022273774e-07,8.968800979191649e-16
m65_n23_vd_1p000000_endpoint,n23,1.0,0.0,0,0,True,3.71310556502558e-16,2.655664144898804e-15
m65_n23_vd_1p000000_endpoint,n23,1.0,0.02,1,0,True,4.61866351353663e-16,2.2951051495393325e-15
m65_n23_vd_1p000000_endpoint,n23,1.0,0.04,2,0,True,6.01413462719167e-16,8.197988510831839e-17
m65_n23_vd_1p000000_endpoint,n23,1.0,0.06,3,0,True,8.17432874584364e-16,3.0157709647646906e-17
m65_n23_vd_1p000000_endpoint,n23,1.0,0.08,4,0,True,1.15322731561314e-15,8.764343517800256e-16
m65_n23_vd_1p000000_endpoint,n23,1.0,0.1,5,0,True,1.67721823209172e-15,1.8372611578259206e-15
m65_n23_vd_1p000000_endpoint,n23,1.0,0.12,6,0,True,2.49779589740166e-15,5.033425945666108e-16
m65_n23_vd_1p000000_endpoint,n23,1.0,0.14,7,0,True,3.78708291733759e-15,2.668882770396238e-16
m65_n23_vd_1p000000_endpoint,n23,1.0,0.16,8,0,True,5.81902620071952e-15,3.728059325612834e-16
m65_n23_vd_1p000000_endpoint,n23,1.0,0.18,9,0,True,9.03055702807334e-15,2.7298319706659424e-17
m65_n23_vd_1p000000_endpoint,n23,1.0,0.2,10,0,True,1.41199433598035e-14,1.8471542706834676e-15
m65_n23_vd_1p000000_endpoint,n23,1.0,0.22,11,0,True,2.22051867776349e-14,3.0197078554332214e-16
m65_n23_vd_1p000000_endpoint,n23,1.0,0.24,12,0,True,3.50794785209399e-14,1.610689916690959e-15
m65_n23_vd_1p000000_endpoint,n23,1.0,0.26,13,0,True,5.5623729701857e-14,5.482265308511249e-16
m65_n23_vd_1p000000_endpoint,n23,1.0,0.28,14,0,True,8.84735778137658e-14,7.55381566628519e-16
m65_n23_vd_1p000000_endpoint,n23,1.0,0.3,15,0,True,1.41099090431183e-13,1.106984168051315e-15
m65_n23_vd_1p000000_endpoint,n23,1.0,0.32,16,0,True,2.25554394684103e-13,6.212311601648343e-16
m65_n23_vd_1p000000_endpoint,n23,1.0,0.34,17,0,True,3.61315744156412e-13,1.189148353920843e-15
m65_n23_vd_1p000000_endpoint,n23,1.0,0.36,18,0,True,5.79889419905631e-13,1.9457461625744897e-16
m65_n23_vd_1p000000_endpoint,n23,1.0,0.38,19,0,True,9.32299577387031e-13,3.5538102583015706e-17
m65_n23_vd_1p000000_endpoint,n23,1.0,0.4,20,0,True,1.50126561363538e-12,8.044852522590986e-16
m65_n23_vd_1p000000_endpoint,n23,1.0,0.42,21,0,True,2.4210202323629e-12,3.698263713194935e-17
m65_n23_vd_1p000000_endpoint,n23,1.0,0.44,22,0,True,3.90958308506344e-12,1.6158365982683624e-15
m65_n23_vd_1p000000_endpoint,n23,1.0,0.46,23,0,True,6.32134780661078e-12,7.733821485941389e-16
m65_n23_vd_1p000000_endpoint,n23,1.0,0.48,24,0,True,1.02328085060629e-11,5.140554048364317e-15
m65_n23_vd_1p000000_endpoint,n23,1.0,0.5,25,0,True,1.65823618695531e-11,6.050808590390621e-16
m65_n23_vd_1p000000_endpoint,n23,1.0,0.52,26,0,True,2.68983543331615e-11,2.2068405086853796e-15
m65_n23_vd_1p000000_endpoint,n23,1.0,0.54,27,0,True,4.36711219109718e-11,1.322080293032734e-16
m65_n23_vd_1p000000_endpoint,n23,1.0,0.56,28,0,True,7.09599200284746e-11,3.7971929446771607e-16
m65_n23_vd_1p000000_endpoint,n23,1.0,0.58,29,0,True,1.15382818095424e-10,3.327890621960837e-15
m65_n23_vd_1p000000_endpoint,n23,1.0,0.6,30,0,True,1.8773046876249e-10,2.179909326104073e-15
m65_n23_vd_1p000000_endpoint,n23,1.0,0.62,31,0,True,3.05595022060218e-10,1.3414406481455127e-15
m65_n23_vd_1p000000_endpoint,n23,1.0,0.64,32,0,True,4.97648206003099e-10,7.682866546372885e-17
m65_n23_vd_1p000000_endpoint,n23,1.0,0.66,33,0,True,8.10592868139402e-10,9.707621126498475e-16
m65_n23_vd_1p000000_endpoint,n23,1.0,0.68,34,0,True,1.32043622244203e-09,3.2776479254438233e-15
m65_n23_vd_1p000000_endpoint,n23,1.0,0.7,35,0,True,2.15072301497013e-09,3.123984349643122e-15
m65_n23_vd_1p000000_endpoint,n23,1.0,0.72,36,0,True,3.50192083522599e-09,9.998016078154632e-16
m65_n23_vd_1p000000_endpoint,n23,1.0,0.74,37,0,True,5.69855210865854e-09,1.613086172860183e-15
m65_n23_vd_1p000000_endpoint,n23,1.0,0.76,38,0,True,9.26429841677e-09,4.710912281060247e-16
m65_n23_vd_1p000000_endpoint,n23,1.0,0.78,39,0,True,1.50406089100525e-08,4.457327067971201e-15
m65_n23_vd_1p000000_endpoint,n23,1.0,0.8,40,0,True,2.43716989099901e-08,2.9703820744523317e-15
m65_n23_vd_1p000000_endpoint,n23,1.0,0.82,41,0,True,3.93881459995848e-08,1.144248741549241e-15
m65_n23_vd_1p000000_endpoint,n23,1.0,0.84,42,0,True,6.34311885429771e-08,2.736351778952778e-16
m65_n23_vd_1p000000_endpoint,n23,1.0,0.86,43,0,True,1.01665995419112e-07,2.41729134469603e-15
m65_n23_vd_1p000000_endpoint,n23,1.0,0.88,44,0,True,1.61925005977514e-07,2.252064079177062e-15
m65_n23_vd_1p000000_endpoint,n23,1.0,0.9,45,0,True,2.55785237786278e-07,1.3681822021772441e-15
m65_n23_vd_1p000000_endpoint,n23,1.0,0.92,46,0,True,3.99795685223389e-07,7.664684618649559e-16
m65_n23_vd_1p000000_endpoint,n23,1.0,0.94,47,0,True,6.16624660267215e-07,3.24806165738096e-16
m65_n23_vd_1p000000_endpoint,n23,1.0,0.96,48,0,True,9.35730323313554e-07,3.49255352304643e-17
m65_n23_vd_1p000000_endpoint,n23,1.0,0.98,49,0,True,1.39308278260075e-06,4.120095320253393e-15
m65_n23_vd_1p000000_endpoint,n23,1.0,1.0,50,0,True,2.02962909789074e-06,1.4922780838096758e-15
