key,label,alpha,elapsed_seconds,qualified,current_A_per_um,max_row_ratio,row_violations,kcl_over_Id,iterations,failure,global_electron_ratio,global_hole_ratio
m65_n19_vd_0p050000_endpoint,zero,0.0,4.75239799999963,True,2.8052899601797572e-15,4.6886414146760036e-11,0,1.1808403235912844e-15,0,,1.3268009337093242e-15,4.0389678347315804e-18
m65_n19_vd_0p050000_endpoint,plus_full,0.001,10.853556000000026,False,2.8052899645452938e-15,0.00017719478021477819,14,2.8460997894546935e-15,2,carrier_row_convergence_line_search_rejected,5.196723691289346e-07,5.196723731699219e-07
m65_n19_vd_0p050000_endpoint,minus_full,-0.001,4.189034199999696,False,2.8052899601797572e-15,0.00017797670399093788,14,1.1808403235912844e-15,0,carrier_row_convergence_line_search_rejected,5.219651711790554e-07,5.219651698482154e-07
m65_n19_vd_0p050000_endpoint,plus_half,0.0005,13.852756899999804,False,2.805289964543407e-15,8.82068375471966e-05,13,6.064576201308348e-15,2,carrier_row_convergence_line_search_rejected,2.58690775154478e-07,2.5869078381604454e-07
m65_n19_vd_0p050000_endpoint,minus_half,-0.0005,6.165996499999892,False,2.8052899601797572e-15,8.898835199489965e-05,13,1.1808403235912844e-15,0,carrier_row_convergence_line_search_rejected,2.609825862539379e-07,2.60982584923098e-07
m65_n23_vd_0p050000_endpoint,zero,0.0,4.704436099999839,True,6.962395115402745e-17,8.722411812695882e-11,0,5.753672720272963e-16,0,,6.058451752097371e-18,5.0487097934144756e-18
m65_n23_vd_0p050000_endpoint,plus_full,0.001,4.291654200000266,False,6.962395115402745e-17,6.803001757252092e-05,7,5.753672720272963e-16,0,carrier_row_convergence_line_search_rejected,8.286245247727437e-09,8.28624524873718e-09
m65_n23_vd_0p050000_endpoint,minus_full,-0.001,125.03946079999969,False,6.962394990926492e-17,6.266172462049939e-05,7,1.1064755429113916e-15,30,carrier_row_convergence_line_search_rejected,7.632331195502986e-09,7.632331182376341e-09
m65_n23_vd_0p050000_endpoint,plus_half,0.0005,4.426747999999861,False,6.962395115402745e-17,3.401500878593902e-05,6,5.753672720272963e-16,0,carrier_row_convergence_line_search_rejected,4.143122620834493e-09,4.143122621844235e-09
m65_n23_vd_0p050000_endpoint,minus_half,-0.0005,261.3886173000001,False,6.962394991012288e-17,2.8650234168977047e-05,6,2.5670232595227954e-15,77,carrier_row_convergence_line_search_rejected,3.48965929318659e-09,3.4896594022387217e-09
