amplitude_cm_3,support,field,nodes,native_area_weighted_rms,vela_area_weighted_rms,relative_weighted_L2_difference,projection_vela_on_native
10000000000000.0,channel,delta_psi_V,186,1.2009183175493531e-05,1.2006810736618715e-05,0.0011162949463576128,0.9998018443962398
10000000000000.0,channel,delta_n_over_n0,186,0.00046461775561135887,0.00046444510951658993,0.001284311938692301,0.9996276569294533
10000000000000.0,channel,delta_p_over_p0,186,0.00046453599483309565,0.0004644441411326188,0.0011163114039728257,0.9998016643245755
10000000000000.0,outside_channel,delta_psi_V,756,6.32776134181204e-07,6.336470381713449e-07,0.0023203454637158276,1.001374577565717
10000000000000.0,outside_channel,delta_n_over_n0,756,2.443104331251553e-05,2.4460831395617346e-05,0.002209878717609714,1.0012175733686681
10000000000000.0,outside_channel,delta_p_over_p0,756,2.4476877992798806e-05,2.451056176987698e-05,0.002320245626640504,1.0013744019100754
10000000000000.0,all_si,delta_psi_V,942,1.4897833473476934e-06,1.4899069640767323e-06,0.001408253386316258,1.000081988166538
10000000000000.0,all_si,delta_n_over_n0,942,5.7616531606604323e-05,5.7611404665785826e-05,0.0014911723394779174,0.9999099083113729
10000000000000.0,all_si,delta_p_over_p0,942,5.762739961411268e-05,5.763217099270831e-05,0.0014082348371130266,1.000081808913408
5000000000000.0,channel,delta_psi_V,186,6.004591589835513e-06,6.003405372980348e-06,0.0011162948698266908,0.9998018448263534
5000000000000.0,channel,delta_n_over_n0,186,0.00023230886847597682,0.00023222252191415236,0.0012843339171580727,0.9996275557033392
5000000000000.0,channel,delta_p_over_p0,186,0.00023226798793822743,0.00023222206117914557,0.0011163113401951774,0.9998016647089644
5000000000000.0,outside_channel,delta_psi_V,756,3.1638806721321494e-07,3.168235192987905e-07,0.0023203456789007747,1.0013745778511347
5000000000000.0,outside_channel,delta_n_over_n0,756,1.2215521475056144e-05,1.2230413846850726e-05,0.0022095114956206846,1.0012174373402039
5000000000000.0,outside_channel,delta_p_over_p0,756,1.2238438858382884e-05,1.2255280749554381e-05,0.00232024580193461,1.0013744021405986
5000000000000.0,all_si,delta_psi_V,942,7.448916739382286e-07,7.449534826039619e-07,0.0014082533996299465,1.0000819885708958
5000000000000.0,all_si,delta_n_over_n0,942,2.8808264775868056e-05,2.880569820799707e-05,0.001491091310512397,0.9999098009186984
5000000000000.0,all_si,delta_p_over_p0,942,2.8813698782799172e-05,2.881608448269e-05,0.0014082348597092382,1.0000818092839883
