stage,key,case,device,vd,vg,index,model,arm,original_config,seed,attempt,dest,qualified,exit_code,failure,elapsed_seconds,current_A_per_um,max_row_ratio,row_violations,kcl_over_Id,iterations,global_electron_ratio,global_hole_ratio,port_relative
legacy,m65_n19_vd_0p050000_endpoint_vg_040,m65_n19_vd_0p050000_endpoint,n19,0.05,0.8,40,phumob,vela,D:\code-repo\vela-tcad\.worktrees\simplemos-sdevice-validation\build-release\phumob_box_20260909\qualified_state\legacy\inputs\m65_n19_vd_0p050000_endpoint_40\vela\config.json,D:\code-repo\vela-tcad\.worktrees\simplemos-sdevice-validation\build-release\simplemos_bgn_restore_20260908\vela\old_slotboom\m65_n19_vd_0p050000_endpoint\vela\vg_040\attempt_0\state.csv,0,D:\code-repo\vela-tcad\.worktrees\simplemos-sdevice-validation\build-release\phumob_box_20260909\qualified_state\legacy\dc\phumob\m65_n19_vd_0p050000_endpoint\vela\vg_040\attempt_0,True,0,,17.590017599999555,7.826486787182764e-07,2.3534491742683554e-11,0,4.774338769087053e-15,4,4.857216430634687e-06,1.627704037396827e-15,1.5543122344752192e-15
legacy,m65_n19_vd_0p050000_endpoint_vg_040,m65_n19_vd_0p050000_endpoint,n19,0.05,0.8,40,phumob,native,D:\code-repo\vela-tcad\.worktrees\simplemos-sdevice-validation\build-release\phumob_box_20260909\qualified_state\legacy\inputs\m65_n19_vd_0p050000_endpoint_40\native\config.json,D:\code-repo\vela-tcad\.worktrees\simplemos-sdevice-validation\build-release\simplemos_bgn_restore_20260908\intrinsic_control\initial\m65_n19_vd_0p050000_endpoint\vg_040\state.csv,0,D:\code-repo\vela-tcad\.worktrees\simplemos-sdevice-validation\build-release\phumob_box_20260909\qualified_state\legacy\dc\phumob\m65_n19_vd_0p050000_endpoint\native\vg_040\attempt_0,True,0,,13.242869900001097,7.826486787182621e-07,1.0390889339497598e-07,0,6.127169495872107e-15,3,4.9226751374487735e-06,7.02780403243295e-16,8.881784197001252e-16
candidate,m65_n19_vd_0p050000_endpoint_vg_040,m65_n19_vd_0p050000_endpoint,n19,0.05,0.8,40,phumob,vela,D:\code-repo\vela-tcad\.worktrees\simplemos-sdevice-validation\build-release\phumob_box_20260909\qualified_state\candidate\inputs\m65_n19_vd_0p050000_endpoint_40\vela\config.json,D:\code-repo\vela-tcad\.worktrees\simplemos-sdevice-validation\build-release\simplemos_bgn_restore_20260908\vela\old_slotboom\m65_n19_vd_0p050000_endpoint\vela\vg_040\attempt_0\state.csv,0,D:\code-repo\vela-tcad\.worktrees\simplemos-sdevice-validation\build-release\phumob_box_20260909\qualified_state\candidate\dc\phumob\m65_n19_vd_0p050000_endpoint\vela\vg_040\attempt_0,True,0,,25.304512999999133,7.835931822417365e-07,1.5625734725796166e-11,0,1.4493190203081082e-14,4,3.7486279497198777e-06,1.6438599087357532e-15,4.9960036108132044e-15
candidate,m65_n19_vd_0p050000_endpoint_vg_040,m65_n19_vd_0p050000_endpoint,n19,0.05,0.8,40,phumob,native,D:\code-repo\vela-tcad\.worktrees\simplemos-sdevice-validation\build-release\phumob_box_20260909\qualified_state\candidate\inputs\m65_n19_vd_0p050000_endpoint_40\native\config.json,D:\code-repo\vela-tcad\.worktrees\simplemos-sdevice-validation\build-release\simplemos_bgn_restore_20260908\intrinsic_control\initial\m65_n19_vd_0p050000_endpoint\vg_040\state.csv,0,D:\code-repo\vela-tcad\.worktrees\simplemos-sdevice-validation\build-release\phumob_box_20260909\qualified_state\candidate\dc\phumob\m65_n19_vd_0p050000_endpoint\native\vg_040\attempt_0,True,0,,19.17014460000064,7.835931822417342e-07,4.4195265145881594e-08,0,3.68358942076013e-15,3,1.4483575157747744e-06,3.2109794286116065e-16,5.440092820663267e-15
legacy,m65_n19_vd_0p050000_endpoint_vg_050,m65_n19_vd_0p050000_endpoint,n19,0.05,1.0,50,phumob,vela,D:\code-repo\vela-tcad\.worktrees\simplemos-sdevice-validation\build-release\phumob_box_20260909\qualified_state\legacy\inputs\m65_n19_vd_0p050000_endpoint_50\vela\config.json,D:\code-repo\vela-tcad\.worktrees\simplemos-sdevice-validation\build-release\simplemos_bgn_restore_20260908\vela\old_slotboom\m65_n19_vd_0p050000_endpoint\vela\vg_050\attempt_0\state.csv,0,D:\code-repo\vela-tcad\.worktrees\simplemos-sdevice-validation\build-release\phumob_box_20260909\qualified_state\legacy\dc\phumob\m65_n19_vd_0p050000_endpoint\vela\vg_050\attempt_0,True,0,,15.171910200002458,8.191705301928101e-06,2.077137670337374e-11,0,1.8247052028093945e-14,4,7.815178186545998e-05,1.6600157800746796e-15,1.5543122344752192e-15
legacy,m65_n19_vd_0p050000_endpoint_vg_050,m65_n19_vd_0p050000_endpoint,n19,0.05,1.0,50,phumob,native,D:\code-repo\vela-tcad\.worktrees\simplemos-sdevice-validation\build-release\phumob_box_20260909\qualified_state\legacy\inputs\m65_n19_vd_0p050000_endpoint_50\native\config.json,D:\code-repo\vela-tcad\.worktrees\simplemos-sdevice-validation\build-release\simplemos_bgn_restore_20260908\intrinsic_control\initial\m65_n19_vd_0p050000_endpoint\vg_050\state.csv,0,D:\code-repo\vela-tcad\.worktrees\simplemos-sdevice-validation\build-release\phumob_box_20260909\qualified_state\legacy\dc\phumob\m65_n19_vd_0p050000_endpoint\native\vg_050\attempt_0,True,0,,11.184222199997748,8.191705301927266e-06,1.0391315712106128e-07,0,1.1422566470855257e-14,3,5.0190207837670724e-05,7.229752424169529e-16,1.5543122344752192e-15
candidate,m65_n19_vd_0p050000_endpoint_vg_050,m65_n19_vd_0p050000_endpoint,n19,0.05,1.0,50,phumob,vela,D:\code-repo\vela-tcad\.worktrees\simplemos-sdevice-validation\build-release\phumob_box_20260909\qualified_state\candidate\inputs\m65_n19_vd_0p050000_endpoint_50\vela\config.json,D:\code-repo\vela-tcad\.worktrees\simplemos-sdevice-validation\build-release\simplemos_bgn_restore_20260908\vela\old_slotboom\m65_n19_vd_0p050000_endpoint\vela\vg_050\attempt_0\state.csv,0,D:\code-repo\vela-tcad\.worktrees\simplemos-sdevice-validation\build-release\phumob_box_20260909\qualified_state\candidate\dc\phumob\m65_n19_vd_0p050000_endpoint\vela\vg_050\attempt_0,True,0,,22.91479210000034,8.252335400888466e-06,2.8032902500697104e-11,0,1.0609132670973616e-15,4,4.501280360205656e-06,1.655976812239948e-15,6.661338147750939e-16
candidate,m65_n19_vd_0p050000_endpoint_vg_050,m65_n19_vd_0p050000_endpoint,n19,0.05,1.0,50,phumob,native,D:\code-repo\vela-tcad\.worktrees\simplemos-sdevice-validation\build-release\phumob_box_20260909\qualified_state\candidate\inputs\m65_n19_vd_0p050000_endpoint_50\native\config.json,D:\code-repo\vela-tcad\.worktrees\simplemos-sdevice-validation\build-release\simplemos_bgn_restore_20260908\intrinsic_control\initial\m65_n19_vd_0p050000_endpoint\vg_050\state.csv,0,D:\code-repo\vela-tcad\.worktrees\simplemos-sdevice-validation\build-release\phumob_box_20260909\qualified_state\candidate\dc\phumob\m65_n19_vd_0p050000_endpoint\native\vg_050\attempt_0,True,0,,18.412703700003476,8.252335400888171e-06,4.420120151828135e-08,0,4.481733380960533e-15,3,1.3662358635672201e-05,3.2513691069589223e-16,5.329070518200751e-15
legacy,m65_n19_vd_1p000000_endpoint_vg_040,m65_n19_vd_1p000000_endpoint,n19,1.0,0.8,40,phumob,vela,D:\code-repo\vela-tcad\.worktrees\simplemos-sdevice-validation\build-release\phumob_box_20260909\qualified_state\legacy\inputs\m65_n19_vd_1p000000_endpoint_40\vela\config.json,D:\code-repo\vela-tcad\.worktrees\simplemos-sdevice-validation\build-release\simplemos_bgn_restore_20260908\vela\old_slotboom\m65_n19_vd_1p000000_endpoint\vela\vg_040\attempt_0\state.csv,0,D:\code-repo\vela-tcad\.worktrees\simplemos-sdevice-validation\build-release\phumob_box_20260909\qualified_state\legacy\dc\phumob\m65_n19_vd_1p000000_endpoint\vela\vg_040\attempt_0,True,0,,20.78271809999933,6.589600126223397e-06,3.135773025070964e-10,0,6.045562068056219e-15,5,7.97014795183103e-07,5.654554968624213e-17,6.661338147750939e-16
legacy,m65_n19_vd_1p000000_endpoint_vg_040,m65_n19_vd_1p000000_endpoint,n19,1.0,0.8,40,phumob,native,D:\code-repo\vela-tcad\.worktrees\simplemos-sdevice-validation\build-release\phumob_box_20260909\qualified_state\legacy\inputs\m65_n19_vd_1p000000_endpoint_40\native\config.json,D:\code-repo\vela-tcad\.worktrees\simplemos-sdevice-validation\build-release\simplemos_bgn_restore_20260908\intrinsic_control\initial\m65_n19_vd_1p000000_endpoint\vg_040\state.csv,0,D:\code-repo\vela-tcad\.worktrees\simplemos-sdevice-validation\build-release\phumob_box_20260909\qualified_state\legacy\dc\phumob\m65_n19_vd_1p000000_endpoint\native\vg_040\attempt_0,True,0,,20.79192569999941,6.589600126223379e-06,1.295841888850036e-07,0,5.788480323792965e-15,5,2.3046759382101955e-05,3.2311742677852644e-17,1.9984014443252818e-15
candidate,m65_n19_vd_1p000000_endpoint_vg_040,m65_n19_vd_1p000000_endpoint,n19,1.0,0.8,40,phumob,vela,D:\code-repo\vela-tcad\.worktrees\simplemos-sdevice-validation\build-release\phumob_box_20260909\qualified_state\candidate\inputs\m65_n19_vd_1p000000_endpoint_40\vela\config.json,D:\code-repo\vela-tcad\.worktrees\simplemos-sdevice-validation\build-release\simplemos_bgn_restore_20260908\vela\old_slotboom\m65_n19_vd_1p000000_endpoint\vela\vg_040\attempt_0\state.csv,0,D:\code-repo\vela-tcad\.worktrees\simplemos-sdevice-validation\build-release\phumob_box_20260909\qualified_state\candidate\dc\phumob\m65_n19_vd_1p000000_endpoint\vela\vg_040\attempt_0,True,0,,26.606982599998446,6.623846938145374e-06,2.8037739929005995e-10,0,8.288948705870424e-15,5,1.9618502412806495e-05,6.462348535570529e-17,6.661338147750939e-16
candidate,m65_n19_vd_1p000000_endpoint_vg_040,m65_n19_vd_1p000000_endpoint,n19,1.0,0.8,40,phumob,native,D:\code-repo\vela-tcad\.worktrees\simplemos-sdevice-validation\build-release\phumob_box_20260909\qualified_state\candidate\inputs\m65_n19_vd_1p000000_endpoint_40\native\config.json,D:\code-repo\vela-tcad\.worktrees\simplemos-sdevice-validation\build-release\simplemos_bgn_restore_20260908\intrinsic_control\initial\m65_n19_vd_1p000000_endpoint\vg_040\state.csv,0,D:\code-repo\vela-tcad\.worktrees\simplemos-sdevice-validation\build-release\phumob_box_20260909\qualified_state\candidate\dc\phumob\m65_n19_vd_1p000000_endpoint\native\vg_040\attempt_0,True,0,,22.114042699999118,6.6238469381453e-06,3.250764073708495e-07,0,1.508861877688855e-16,4,2.1562033429671322e-07,2.9888361977013695e-16,6.661338147750939e-16
legacy,m65_n19_vd_1p000000_endpoint_vg_050,m65_n19_vd_1p000000_endpoint,n19,1.0,1.0,50,phumob,vela,D:\code-repo\vela-tcad\.worktrees\simplemos-sdevice-validation\build-release\phumob_box_20260909\qualified_state\legacy\inputs\m65_n19_vd_1p000000_endpoint_50\vela\config.json,D:\code-repo\vela-tcad\.worktrees\simplemos-sdevice-validation\build-release\simplemos_bgn_restore_20260908\vela\old_slotboom\m65_n19_vd_1p000000_endpoint\vela\vg_050\attempt_0\state.csv,0,D:\code-repo\vela-tcad\.worktrees\simplemos-sdevice-validation\build-release\phumob_box_20260909\qualified_state\legacy\dc\phumob\m65_n19_vd_1p000000_endpoint\vela\vg_050\attempt_0,True,0,,16.75364769999942,4.7262046328929444e-05,5.069671176274881e-08,0,1.454009889379106e-15,5,2.3921183808631432e-05,5.492996255234949e-16,2.886579864025407e-15
legacy,m65_n19_vd_1p000000_endpoint_vg_050,m65_n19_vd_1p000000_endpoint,n19,1.0,1.0,50,phumob,native,D:\code-repo\vela-tcad\.worktrees\simplemos-sdevice-validation\build-release\phumob_box_20260909\qualified_state\legacy\inputs\m65_n19_vd_1p000000_endpoint_50\native\config.json,D:\code-repo\vela-tcad\.worktrees\simplemos-sdevice-validation\build-release\simplemos_bgn_restore_20260908\intrinsic_control\initial\m65_n19_vd_1p000000_endpoint\vg_050\state.csv,0,D:\code-repo\vela-tcad\.worktrees\simplemos-sdevice-validation\build-release\phumob_box_20260909\qualified_state\legacy\dc\phumob\m65_n19_vd_1p000000_endpoint\native\vg_050\attempt_0,True,0,,16.534106499999325,4.7262046328929384e-05,4.472785360285015e-09,0,1.0916854410071558e-14,5,6.863498724929999e-05,2.8838230339983484e-15,2.7755575615628914e-15
candidate,m65_n19_vd_1p000000_endpoint_vg_050,m65_n19_vd_1p000000_endpoint,n19,1.0,1.0,50,phumob,vela,D:\code-repo\vela-tcad\.worktrees\simplemos-sdevice-validation\build-release\phumob_box_20260909\qualified_state\candidate\inputs\m65_n19_vd_1p000000_endpoint_50\vela\config.json,D:\code-repo\vela-tcad\.worktrees\simplemos-sdevice-validation\build-release\simplemos_bgn_restore_20260908\vela\old_slotboom\m65_n19_vd_1p000000_endpoint\vela\vg_050\attempt_0\state.csv,0,D:\code-repo\vela-tcad\.worktrees\simplemos-sdevice-validation\build-release\phumob_box_20260909\qualified_state\candidate\dc\phumob\m65_n19_vd_1p000000_endpoint\vela\vg_050\attempt_0,True,0,,27.11478640000132,4.7803248299080884e-05,1.37762491694497e-10,0,5.399233281571794e-15,5,0.00013319082829241132,3.2311742677852644e-17,6.661338147750939e-16
candidate,m65_n19_vd_1p000000_endpoint_vg_050,m65_n19_vd_1p000000_endpoint,n19,1.0,1.0,50,phumob,native,D:\code-repo\vela-tcad\.worktrees\simplemos-sdevice-validation\build-release\phumob_box_20260909\qualified_state\candidate\inputs\m65_n19_vd_1p000000_endpoint_50\native\config.json,D:\code-repo\vela-tcad\.worktrees\simplemos-sdevice-validation\build-release\simplemos_bgn_restore_20260908\intrinsic_control\initial\m65_n19_vd_1p000000_endpoint\vg_050\state.csv,0,D:\code-repo\vela-tcad\.worktrees\simplemos-sdevice-validation\build-release\phumob_box_20260909\qualified_state\candidate\dc\phumob\m65_n19_vd_1p000000_endpoint\native\vg_050\attempt_0,True,0,,20.951961499999015,4.780324829908101e-05,1.9520918453239982e-07,0,2.5641692141103055e-15,4,0.00013119589629474718,3.069615554396001e-16,4.440892098500626e-16
legacy,m65_n23_vd_0p050000_endpoint_vg_040,m65_n23_vd_0p050000_endpoint,n23,0.05,0.8,40,phumob,vela,D:\code-repo\vela-tcad\.worktrees\simplemos-sdevice-validation\build-release\phumob_box_20260909\qualified_state\legacy\inputs\m65_n23_vd_0p050000_endpoint_40\vela\config.json,D:\code-repo\vela-tcad\.worktrees\simplemos-sdevice-validation\build-release\simplemos_bgn_restore_20260908\vela\old_slotboom\m65_n23_vd_0p050000_endpoint\vela\vg_040\attempt_0\state.csv,0,D:\code-repo\vela-tcad\.worktrees\simplemos-sdevice-validation\build-release\phumob_box_20260909\qualified_state\legacy\dc\phumob\m65_n23_vd_0p050000_endpoint\vela\vg_040\attempt_0,True,0,,14.80475220000153,3.808354153397951e-09,4.5375035441560785e-11,0,3.699442316136636e-15,4,6.825540453782935e-09,1.8619641718112586e-15,1.0658141036401503e-14
legacy,m65_n23_vd_0p050000_endpoint_vg_040,m65_n23_vd_0p050000_endpoint,n23,0.05,0.8,40,phumob,native,D:\code-repo\vela-tcad\.worktrees\simplemos-sdevice-validation\build-release\phumob_box_20260909\qualified_state\legacy\inputs\m65_n23_vd_0p050000_endpoint_40\native\config.json,D:\code-repo\vela-tcad\.worktrees\simplemos-sdevice-validation\build-release\simplemos_bgn_restore_20260908\intrinsic_control\initial\m65_n23_vd_0p050000_endpoint\vg_040\state.csv,0,D:\code-repo\vela-tcad\.worktrees\simplemos-sdevice-validation\build-release\phumob_box_20260909\qualified_state\legacy\dc\phumob\m65_n23_vd_0p050000_endpoint\native\vg_040\attempt_0,True,0,,12.264757699998881,3.808354153398002e-09,6.45559973369252e-08,0,2.5994050195598565e-15,3,5.3987327923071625e-09,4.382280100683765e-16,6.661338147750939e-16
candidate,m65_n23_vd_0p050000_endpoint_vg_040,m65_n23_vd_0p050000_endpoint,n23,0.05,0.8,40,phumob,vela,D:\code-repo\vela-tcad\.worktrees\simplemos-sdevice-validation\build-release\phumob_box_20260909\qualified_state\candidate\inputs\m65_n23_vd_0p050000_endpoint_40\vela\config.json,D:\code-repo\vela-tcad\.worktrees\simplemos-sdevice-validation\build-release\simplemos_bgn_restore_20260908\vela\old_slotboom\m65_n23_vd_0p050000_endpoint\vela\vg_040\attempt_0\state.csv,0,D:\code-repo\vela-tcad\.worktrees\simplemos-sdevice-validation\build-release\phumob_box_20260909\qualified_state\candidate\dc\phumob\m65_n23_vd_0p050000_endpoint\vela\vg_040\attempt_0,True,0,,20.09947810000085,3.8102092831474974e-09,1.7892496732816183e-11,0,2.2979911079246843e-15,4,3.8727498064183655e-09,1.847827784389698e-15,8.881784197001252e-16
candidate,m65_n23_vd_0p050000_endpoint_vg_040,m65_n23_vd_0p050000_endpoint,n23,0.05,0.8,40,phumob,native,D:\code-repo\vela-tcad\.worktrees\simplemos-sdevice-validation\build-release\phumob_box_20260909\qualified_state\candidate\inputs\m65_n23_vd_0p050000_endpoint_40\native\config.json,D:\code-repo\vela-tcad\.worktrees\simplemos-sdevice-validation\build-release\simplemos_bgn_restore_20260908\intrinsic_control\initial\m65_n23_vd_0p050000_endpoint\vg_040\state.csv,0,D:\code-repo\vela-tcad\.worktrees\simplemos-sdevice-validation\build-release\phumob_box_20260909\qualified_state\candidate\dc\phumob\m65_n23_vd_0p050000_endpoint\native\vg_040\attempt_0,True,0,,15.533049700003176,3.8102092831476455e-09,3.388328602086965e-08,0,3.1294041216179947e-15,3,4.570493012946059e-09,2.4233807008389483e-16,1.0436096431476471e-14
legacy,m65_n23_vd_0p050000_endpoint_vg_050,m65_n23_vd_0p050000_endpoint,n23,0.05,1.0,50,phumob,vela,D:\code-repo\vela-tcad\.worktrees\simplemos-sdevice-validation\build-release\phumob_box_20260909\qualified_state\legacy\inputs\m65_n23_vd_0p050000_endpoint_50\vela\config.json,D:\code-repo\vela-tcad\.worktrees\simplemos-sdevice-validation\build-release\simplemos_bgn_restore_20260908\vela\old_slotboom\m65_n23_vd_0p050000_endpoint\vela\vg_050\attempt_0\state.csv,0,D:\code-repo\vela-tcad\.worktrees\simplemos-sdevice-validation\build-release\phumob_box_20260909\qualified_state\legacy\dc\phumob\m65_n23_vd_0p050000_endpoint\vela\vg_050\attempt_0,True,0,,17.668599799999356,3.6840992395838314e-07,1.6270687706251814e-11,0,1.4110136097860779e-15,4,1.0437457351717788e-06,1.8942759144891112e-15,4.9960036108132044e-15
legacy,m65_n23_vd_0p050000_endpoint_vg_050,m65_n23_vd_0p050000_endpoint,n23,0.05,1.0,50,phumob,native,D:\code-repo\vela-tcad\.worktrees\simplemos-sdevice-validation\build-release\phumob_box_20260909\qualified_state\legacy\inputs\m65_n23_vd_0p050000_endpoint_50\native\config.json,D:\code-repo\vela-tcad\.worktrees\simplemos-sdevice-validation\build-release\simplemos_bgn_restore_20260908\intrinsic_control\initial\m65_n23_vd_0p050000_endpoint\vg_050\state.csv,0,D:\code-repo\vela-tcad\.worktrees\simplemos-sdevice-validation\build-release\phumob_box_20260909\qualified_state\legacy\dc\phumob\m65_n23_vd_0p050000_endpoint\native\vg_050\attempt_0,True,0,,14.469890500000474,3.68409923958389e-07,6.455707667550947e-08,0,7.302608223399916e-15,3,3.537753832932529e-06,4.301500743989133e-16,6.661338147750939e-16
candidate,m65_n23_vd_0p050000_endpoint_vg_050,m65_n23_vd_0p050000_endpoint,n23,0.05,1.0,50,phumob,vela,D:\code-repo\vela-tcad\.worktrees\simplemos-sdevice-validation\build-release\phumob_box_20260909\qualified_state\candidate\inputs\m65_n23_vd_0p050000_endpoint_50\vela\config.json,D:\code-repo\vela-tcad\.worktrees\simplemos-sdevice-validation\build-release\simplemos_bgn_restore_20260908\vela\old_slotboom\m65_n23_vd_0p050000_endpoint\vela\vg_050\attempt_0\state.csv,0,D:\code-repo\vela-tcad\.worktrees\simplemos-sdevice-validation\build-release\phumob_box_20260909\qualified_state\candidate\dc\phumob\m65_n23_vd_0p050000_endpoint\vela\vg_050\attempt_0,True,0,,22.168327999999747,3.6862273813947833e-07,4.934938955524261e-11,0,2.677951633022393e-15,4,3.546987801351629e-07,1.8740810753154533e-15,9.658940314238862e-15
candidate,m65_n23_vd_0p050000_endpoint_vg_050,m65_n23_vd_0p050000_endpoint,n23,0.05,1.0,50,phumob,native,D:\code-repo\vela-tcad\.worktrees\simplemos-sdevice-validation\build-release\phumob_box_20260909\qualified_state\candidate\inputs\m65_n23_vd_0p050000_endpoint_50\native\config.json,D:\code-repo\vela-tcad\.worktrees\simplemos-sdevice-validation\build-release\simplemos_bgn_restore_20260908\intrinsic_control\initial\m65_n23_vd_0p050000_endpoint\vg_050\state.csv,0,D:\code-repo\vela-tcad\.worktrees\simplemos-sdevice-validation\build-release\phumob_box_20260909\qualified_state\candidate\dc\phumob\m65_n23_vd_0p050000_endpoint\native\vg_050\attempt_0,True,0,,17.75883529999919,3.686227381394772e-07,3.388389721908442e-08,0,7.23144681363711e-15,3,1.408417240407284e-06,2.463770379186264e-16,6.217248937900877e-15
legacy,m65_n23_vd_1p000000_endpoint_vg_040,m65_n23_vd_1p000000_endpoint,n23,1.0,0.8,40,phumob,vela,D:\code-repo\vela-tcad\.worktrees\simplemos-sdevice-validation\build-release\phumob_box_20260909\qualified_state\legacy\inputs\m65_n23_vd_1p000000_endpoint_40\vela\config.json,D:\code-repo\vela-tcad\.worktrees\simplemos-sdevice-validation\build-release\simplemos_bgn_restore_20260908\vela\old_slotboom\m65_n23_vd_1p000000_endpoint\vela\vg_040\attempt_0\state.csv,0,D:\code-repo\vela-tcad\.worktrees\simplemos-sdevice-validation\build-release\phumob_box_20260909\qualified_state\legacy\dc\phumob\m65_n23_vd_1p000000_endpoint\vela\vg_040\attempt_0,True,0,,17.178127600000153,2.4363087942603343e-08,5.981941558124843e-09,0,6.468016028835161e-15,5,5.159725377076616e-08,4.942081042577562e-14,8.881784197001252e-16
legacy,m65_n23_vd_1p000000_endpoint_vg_040,m65_n23_vd_1p000000_endpoint,n23,1.0,0.8,40,phumob,native,D:\code-repo\vela-tcad\.worktrees\simplemos-sdevice-validation\build-release\phumob_box_20260909\qualified_state\legacy\inputs\m65_n23_vd_1p000000_endpoint_40\native\config.json,D:\code-repo\vela-tcad\.worktrees\simplemos-sdevice-validation\build-release\simplemos_bgn_restore_20260908\intrinsic_control\initial\m65_n23_vd_1p000000_endpoint\vg_040\state.csv,0,D:\code-repo\vela-tcad\.worktrees\simplemos-sdevice-validation\build-release\phumob_box_20260909\qualified_state\legacy\dc\phumob\m65_n23_vd_1p000000_endpoint\native\vg_040\attempt_0,True,0,,17.508519000002707,2.436308794260332e-08,2.0637405612115474e-10,0,7.384505708723968e-15,5,1.2261233144023775e-07,1.2440020930973268e-15,4.440892098500626e-16
candidate,m65_n23_vd_1p000000_endpoint_vg_040,m65_n23_vd_1p000000_endpoint,n23,1.0,0.8,40,phumob,vela,D:\code-repo\vela-tcad\.worktrees\simplemos-sdevice-validation\build-release\phumob_box_20260909\qualified_state\candidate\inputs\m65_n23_vd_1p000000_endpoint_40\vela\config.json,D:\code-repo\vela-tcad\.worktrees\simplemos-sdevice-validation\build-release\simplemos_bgn_restore_20260908\vela\old_slotboom\m65_n23_vd_1p000000_endpoint\vela\vg_040\attempt_0\state.csv,0,D:\code-repo\vela-tcad\.worktrees\simplemos-sdevice-validation\build-release\phumob_box_20260909\qualified_state\candidate\dc\phumob\m65_n23_vd_1p000000_endpoint\vela\vg_040\attempt_0,True,0,,19.399634099998366,2.4373290200998026e-08,7.354958329163482e-07,0,1.4615759230923554e-14,4,1.9009889546496e-07,1.510573970189611e-14,2.220446049250313e-16
candidate,m65_n23_vd_1p000000_endpoint_vg_040,m65_n23_vd_1p000000_endpoint,n23,1.0,0.8,40,phumob,native,D:\code-repo\vela-tcad\.worktrees\simplemos-sdevice-validation\build-release\phumob_box_20260909\qualified_state\candidate\inputs\m65_n23_vd_1p000000_endpoint_40\native\config.json,D:\code-repo\vela-tcad\.worktrees\simplemos-sdevice-validation\build-release\simplemos_bgn_restore_20260908\intrinsic_control\initial\m65_n23_vd_1p000000_endpoint\vg_040\state.csv,0,D:\code-repo\vela-tcad\.worktrees\simplemos-sdevice-validation\build-release\phumob_box_20260909\qualified_state\candidate\dc\phumob\m65_n23_vd_1p000000_endpoint\native\vg_040\attempt_0,True,0,,19.295454200000677,2.4373290200998654e-08,1.6188524650212742e-07,0,3.6198498844343156e-15,4,1.229397434207356e-08,2.7464981276174747e-16,2.6645352591003757e-15
legacy,m65_n23_vd_1p000000_endpoint_vg_050,m65_n23_vd_1p000000_endpoint,n23,1.0,1.0,50,phumob,vela,D:\code-repo\vela-tcad\.worktrees\simplemos-sdevice-validation\build-release\phumob_box_20260909\qualified_state\legacy\inputs\m65_n23_vd_1p000000_endpoint_50\vela\config.json,D:\code-repo\vela-tcad\.worktrees\simplemos-sdevice-validation\build-release\simplemos_bgn_restore_20260908\vela\old_slotboom\m65_n23_vd_1p000000_endpoint\vela\vg_050\attempt_0\state.csv,0,D:\code-repo\vela-tcad\.worktrees\simplemos-sdevice-validation\build-release\phumob_box_20260909\qualified_state\legacy\dc\phumob\m65_n23_vd_1p000000_endpoint\vela\vg_050\attempt_0,True,0,,19.232886300000246,2.028161687198259e-06,1.2201868124549512e-07,0,6.48510318945403e-15,5,5.036334966594234e-06,3.9979480774020465e-12,1.0658141036401503e-14
legacy,m65_n23_vd_1p000000_endpoint_vg_050,m65_n23_vd_1p000000_endpoint,n23,1.0,1.0,50,phumob,native,D:\code-repo\vela-tcad\.worktrees\simplemos-sdevice-validation\build-release\phumob_box_20260909\qualified_state\legacy\inputs\m65_n23_vd_1p000000_endpoint_50\native\config.json,D:\code-repo\vela-tcad\.worktrees\simplemos-sdevice-validation\build-release\simplemos_bgn_restore_20260908\intrinsic_control\initial\m65_n23_vd_1p000000_endpoint\vg_050\state.csv,0,D:\code-repo\vela-tcad\.worktrees\simplemos-sdevice-validation\build-release\phumob_box_20260909\qualified_state\legacy\dc\phumob\m65_n23_vd_1p000000_endpoint\native\vg_050\attempt_0,True,0,,19.17221399999835,2.0281616871982594e-06,1.0172308714911706e-07,0,2.308731186560727e-15,5,3.5835154372265483e-06,5.573129377076024e-13,4.9960036108132044e-15
candidate,m65_n23_vd_1p000000_endpoint_vg_050,m65_n23_vd_1p000000_endpoint,n23,1.0,1.0,50,phumob,vela,D:\code-repo\vela-tcad\.worktrees\simplemos-sdevice-validation\build-release\phumob_box_20260909\qualified_state\candidate\inputs\m65_n23_vd_1p000000_endpoint_50\vela\config.json,D:\code-repo\vela-tcad\.worktrees\simplemos-sdevice-validation\build-release\simplemos_bgn_restore_20260908\vela\old_slotboom\m65_n23_vd_1p000000_endpoint\vela\vg_050\attempt_0\state.csv,0,D:\code-repo\vela-tcad\.worktrees\simplemos-sdevice-validation\build-release\phumob_box_20260909\qualified_state\candidate\dc\phumob\m65_n23_vd_1p000000_endpoint\vela\vg_050\attempt_0,True,0,,20.56691950000095,2.0297328085303085e-06,3.1403650807672494e-10,0,2.750623247074065e-15,5,1.962431815277897e-06,4.8467614016778965e-17,6.661338147750939e-16
candidate,m65_n23_vd_1p000000_endpoint_vg_050,m65_n23_vd_1p000000_endpoint,n23,1.0,1.0,50,phumob,native,D:\code-repo\vela-tcad\.worktrees\simplemos-sdevice-validation\build-release\phumob_box_20260909\qualified_state\candidate\inputs\m65_n23_vd_1p000000_endpoint_50\native\config.json,D:\code-repo\vela-tcad\.worktrees\simplemos-sdevice-validation\build-release\simplemos_bgn_restore_20260908\intrinsic_control\initial\m65_n23_vd_1p000000_endpoint\vg_050\state.csv,0,D:\code-repo\vela-tcad\.worktrees\simplemos-sdevice-validation\build-release\phumob_box_20260909\qualified_state\candidate\dc\phumob\m65_n23_vd_1p000000_endpoint\native\vg_050\attempt_0,True,0,,16.831497600000148,2.029732808530309e-06,1.7043856936922122e-07,0,2.8830959990872988e-15,4,4.008811649411369e-06,3.3927329811745276e-16,8.881784197001252e-16
