baseline_variant,target_row_node,predicted_contact_flux_delta,observed_contact_flux_delta,predicted_internal_flux_delta,observed_internal_flux_delta,predicted_source_delta,observed_source_delta,predicted_residual_delta,observed_residual_delta
full,1089,-3.383556003319191e-15,-3.3835614274646435e-15,3.3835555091339472e-15,2.2866672257292816e-15,-1.811543979747641e-34,-2.2298274332346823e-22,-4.942165509858988e-22,-1.096894424718104e-15
full,1090,0.0,0.0,1.6538833768035413e-21,-2.4075064351059324e-16,-1.0299983468800781e-33,-1.2677863678582893e-21,1.6538898391520769e-21,-2.4075191129697673e-16
full,1092,-1.2028120360763519e-12,-1.21077820135506e-12,1.2028123157988412e-12,1.2013186741883856e-12,-3.360134617173384e-36,-5.214465858727989e-24,2.797224891074386e-19,-9.459527171888788e-15
full,1099,-3.020558093027451e-14,-1.7490057652294585e-14,3.020559630480835e-14,3.507903397223303e-14,-1.1873431827329224e-37,7.071911348425892e-24,1.53745338365215e-20,1.758897632701033e-14
full,1100,-2.6226305385326354e-13,-2.679839638442108e-13,2.622631855975358e-13,2.580025878775314e-13,-7.863576742099118e-37,6.53906950926081e-24,1.3174427226940616e-19,-9.981375960140168e-15
no_hfs,1089,-3.3835580617868426e-15,-3.3835614274646435e-15,3.383558280255786e-15,2.2866672257292816e-15,-1.8115439832816253e-34,-2.2298274332346823e-22,2.184663336649228e-22,-1.096894424718104e-15
no_hfs,1090,0.0,0.0,1.2687645118909782e-21,-2.4075064351059324e-16,-1.0299983491418365e-33,-1.2677863678582893e-21,1.2687709742641657e-21,-2.4075191129697673e-16
no_hfs,1092,-1.2028127672897816e-12,-1.21077820135506e-12,1.2028124386424796e-12,1.2013186741883856e-12,-3.360134617175014e-36,-5.214465858727989e-24,-3.286473020858867e-19,-9.459527171888788e-15
no_hfs,1099,-3.020559917385972e-14,-1.7490057652294585e-14,3.020559937914919e-14,3.507903397223303e-14,-1.1873431827334726e-37,7.071911348425892e-24,2.0528946545282553e-22,1.758897632701033e-14
no_hfs,1100,-2.622632123537899e-13,-2.679839638442108e-13,2.6226321230676974e-13,2.580025878775314e-13,-7.863576742102237e-37,6.53906950926081e-24,-4.702009712444341e-23,-9.981375960140168e-15
