model,VBE_V,VCE_V,sentaurus_Ic_A_per_um,vela_Ic_A_per_um,Ic_magnitude_ratio_vela_over_sentaurus,Ic_absolute_log10_error,sentaurus_Ib_A_per_um,vela_Ib_A_per_um,Ib_magnitude_ratio_vela_over_sentaurus,Ib_absolute_log10_error,sentaurus_Ie_A_per_um,vela_Ie_A_per_um,sentaurus_beta_abs,vela_beta_abs,beta_magnitude_ratio_vela_over_sentaurus,sentaurus_kcl_abs_A_per_um,sentaurus_kcl_relative,vela_kcl_abs_A_per_um,vela_kcl_relative,vela_converged
M0,0.7,0.0,-8.49407158293213e-08,-1.4335893710839427e-07,1.6877528722086326,0.22730885574146734,1.01347928127904e-07,1.5149353772632565e-07,1.4947867265242605,0.17457923272666095,-1.64072122985827e-08,-8.134600602106359e-09,0.8381100373568926,0.9463039761298161,1.1290927610342545,9.926167350636332e-24,9.794149257900194e-17,1.5825025563684712e-17,1.0446007005442538e-10,1
M0,0.7,0.1,1.65480876982543e-06,3.0402405213400613e-06,1.8372156207878836,0.26416012931781074,1.79713943928101e-08,1.0428422275747463e-08,0.580278972672238,0.23636316649883576,-1.67278016421825e-06,-3.0506689437279164e-06,92.08015436395281,291.53408262058036,3.166090289860646,9.975798187389514e-21,5.963603826000389e-15,1.12107561771824e-16,3.674851773159909e-11,1
M0,0.7,0.2,1.70836719934077e-06,3.1472211144910367e-06,1.84223925377723,0.26534603185849437,1.61581598445554e-08,7.340427265409075e-09,0.454286090497024,0.3426705603741646,-1.72452535918533e-06,-3.154561541938253e-06,105.72783137285373,428.75176072133524,4.055240282091135,4.5263323118901674e-21,2.624682952779783e-15,1.8180708810575586e-16,5.7633076954982587e-11,1
M0,0.7,0.3,1.7183400932454e-06,3.166435492437648e-06,1.8427292157615052,0.2654615214693966,1.6112875338906e-08,7.2621005563190144e-09,0.4507017154650241,0.3461107889102162,-1.73445296858431e-06,-3.1736975928489065e-06,106.64391408132552,436.0219839812626,4.088578215994181,3.904292491250291e-21,2.2510224041629914e-15,1.4506030407713685e-16,4.570703409297474e-11,1
M0,0.7,0.4,1.72597350882336e-06,3.180762462642063e-06,1.842880233318569,0.2654971118338377,1.6106778423975e-08,7.2509740402482436e-09,0.45018152292050784,0.34661233398752017,-1.74208028724734e-06,-3.1880134369528086e-06,107.15820776762172,438.66692184891156,4.09363809816775,4.9730098426688024e-21,2.85463872077139e-15,2.704973884206078e-16,8.484825856918492e-11,1
M0,0.7,0.5,1.73274041047151e-06,3.1933920544931997e-06,1.8429719969560934,0.26551873638031137,1.61022558420764e-08,7.242659755350473e-09,0.44979162089977853,0.34698863923138806,-1.74884266631358e-06,-3.2006347141052403e-06,107.60855047053279,440.91427215452165,4.097390683422135,6.465243667714464e-21,3.696869816964541e-15,1.433099146275389e-16,4.477546718967028e-11,1
M0,0.7,0.6,1.73895513810381e-06,3.20497391928562e-06,1.843045774476037,0.26553612163008017,1.6098215281559e-08,7.2352379080564865e-09,0.44944348062885414,0.34732491481913547,-1.75505335338538e-06,-3.212209156763223e-06,108.02161032694328,442.96731635000697,4.100728687614462,1.0978341089803783e-20,6.255274843142119e-15,4.3045363955075777e-16,1.340054830005228e-10,1
M0,0.7,0.7,1.74478100261894e-06,3.215812647346774e-06,1.8431038866882408,0.2655498149498926,1.60944983887357e-08,7.228423112132886e-09,0.44912385198608934,0.3476338798941547,-1.76087550100768e-06,-3.2230410690175197e-06,108.40853566707528,444.88439559508384,4.103776449497782,4.238473458721714e-21,2.407026195944121e-15,1.441387206499956e-15,4.472134160360961e-10,1
M0,0.7,0.8,1.75030767517514e-06,3.226073628647733e-06,1.8431465932553397,0.2655598778723846,1.6091029864644e-08,7.222078278957972e-09,0.4488263547895512,0.347921649515656,-1.76639870503979e-06,-3.2332957082670052e-06,108.77536676636228,446.6960207350733,4.106591722136208,6.074814418589435e-21,3.4390958288505955e-15,1.3403144384132006e-15,4.14535062470852e-10,1
M0,0.7,0.9,1.75558817773396e-06,3.23586074201158e-06,1.8431775646770954,0.26556717550384035,1.60877648026905e-08,7.2161171546404675e-09,0.4485469077365957,0.348192132985743,-1.77167594253665e-06,-3.243076859670519e-06,109.12567403026412,448.4213147690785,4.109219198451105,3.407984123718474e-22,1.9235933851644395e-16,5.042982564425184e-16,1.5549993979906868e-10,1
M0,0.7,1.0,1.76065856815918e-06,3.2452466752125213e-06,1.8432004557280641,0.26557256912167654,1.60846721677704e-08,7.210478947858896e-09,0.4482826179265789,0.3484481004938406,-1.77674324032695e-06,-3.252457153633441e-06,109.46188705587005,450.0736634389836,4.111692896444066,2.481541837659083e-22,1.3966800499561425e-16,5.269392039315258e-16,1.620126504488652e-10,1
M0,0.7,1.1,1.76554613505647e-06,3.2542858899850733e-06,1.8432177020856988,0.2655766326856202,1.60817284634178e-08,7.205118115515847e-09,0.44803132523384026,0.3486916201523068,-1.7816278635199e-06,-3.2614910092539683e-06,109.78584416921835,451.6630869627436,4.11403756450215,1.2073528220823992e-20,6.776683542078616e-15,1.1533791547644161e-15,3.536355462860035e-10,1
M0,0.7,1.2,1.7702730616501e-06,3.263021459067488e-06,1.843230589537398,0.2655796691850994,1.60789148819533e-08,7.199998981914298e-09,0.4477913487803492,0.3489243011394131,-1.78635197653206e-06,-3.2702214577192765e-06,110.09903806612125,453.19748895296834,4.116271103847386,6.733250186181645e-21,3.769274070641588e-15,3.301259345484249e-16,1.0094910660229778e-10,1
M0,0.7,1.3,1.77485868887225e-06,3.2714900703473963e-06,1.8432397412022192,0.26558182545772635,1.60762155137861e-08,7.1950918238606505e-09,0.44756129436623476,0.34914747882376096,-1.79093490438604e-06,-3.2786851592888904e-06,110.40276782494155,454.6835746415842,4.118407387779863,3.920836103501351e-21,2.189267791866212e-15,2.882366502115721e-15,8.791226854916664e-10,1
M0,0.7,1.4,1.77932029322643e-06,3.2797241972790784e-06,1.8432455414376103,0.2655831920766226,1.60736165921243e-08,7.190371079239725e-09,0.44733996471975324,0.3493623008393352,-1.79539390981856e-06,-3.2869145709404407e-06,110.69819184926034,456.12725144998507,4.120458011374761,5.67445900211377e-21,3.1605649161900205e-15,2.5821225714205316e-15,7.855764169379503e-10,1
M0,0.7,1.5,1.78367365402009e-06,3.2877533095657892e-06,1.8432482321840464,0.26558382605373,1.60711059787311e-08,7.18581435751613e-09,0.44712631271463293,0.3495697717993408,-1.79974475999882e-06,-3.2949391243311874e-06,110.98636623892891,457.5338501650694,4.122432922797932,1.2109924167776325e-21,6.728689776979412e-16,4.0788201476016604e-16,1.237904554133329e-10,1
M0,0.7,1.6,1.78793363104216e-06,3.2956050055407853e-06,1.8432479530125656,0.26558376027710767,1.60686726843338e-08,7.181401445599039e-09,0.44691939319920104,0.3497707995650585,-1.80400230372651e-06,-3.302786406922905e-06,111.26828370742227,458.90833850549086,4.124340946178169,1.6103552165182343e-20,8.92656962350735e-15,6.34793001811005e-17,1.9219922925697768e-11,1
M0,0.7,1.7,1.79211410114341e-06,3.303305162234367e-06,1.8432448916766975,0.26558303898381846,1.60663067815207e-08,7.177113992328913e-09,0.44671834603481836,0.34996621135606376,-1.80818040792493e-06,-3.3104822735839596e-06,111.54486998870712,460.2553569255031,4.126190267397323,7.709323308994218e-22,4.26358082147425e-16,2.642736190396226e-15,7.982934122571738e-10,1
M0,0.7,1.8,1.79622759700778e-06,3.3108772879882344e-06,1.8432392941204176,0.26558172011864395,1.60639995100882e-08,7.172935723550177e-09,0.44652240676710486,0.35015674306625294,-1.81229159651787e-06,-3.3180502192547778e-06,111.81696039518353,461.5791100870965,4.127988352176481,1.9223677435732363e-21,1.0607386511458013e-15,4.45700683332051e-15,1.3432608124664062e-09,1
M0,0.7,1.9,1.80028532183527e-06,3.3183424216085217e-06,1.843231393024798,0.26557985849948584,1.60617432009466e-08,7.1688524035854066e-09,0.4463309065458667,0.3503430390443317,-1.81634706503622e-06,-3.3255112773131594e-06,112.08530103564165,462.88335075065805,4.129741781248081,3.467541127822292e-21,1.9090740941369295e-15,3.301052308794372e-15,9.92645050195545e-10,1
M0,0.7,2.0,1.80429747755317e-06,3.3257197049064427e-06,1.8432213901980798,0.26557750166883987,1.60595310340386e-08,7.164851419968629e-09,0.44614325317361614,0.3505256702710007,-1.82035700858721e-06,-3.3328845573827827e-06,112.35057074387252,464.1714824172871,4.1314563810758616,1.31687153518442e-21,7.23413884733771e-16,1.0563714574373924e-15,3.169541096457689e-10,1
M0,0.7,2.1,1.80827341602406e-06,3.333026670208072e-06,1.8432094619499313,0.26557469116048776,1.60573568990778e-08,7.1609214639946645e-09,0.4459589152188508,0.3507051496188507,-1.82433077292314e-06,-3.340187593164294e-06,112.61339131896061,465.44661702640275,4.133137378911667,2.1903742620404173e-21,1.2006453514626423e-15,1.492227210909484e-15,4.467495220817335e-10,1
M0,0.7,2.2,1.81222140723342e-06,3.340278960358989e-06,1.8431958407655815,0.26557148174388034,1.6055215470068e-08,7.157052586108465e-09,0.4457774235077364,0.3508819302350787,-1.82827662270349e-06,-3.3474360157389556e-06,112.8743124383459,466.7115296654839,4.134789568888055,1.8330322374175093e-21,1.0026011461586088e-15,2.793858104607834e-15,8.346262905315255e-10,1
M0,0.7,2.3,1.81614824700709e-06,3.3474896161112063e-06,1.8431808205236995,0.26556794265454375,1.60531023691924e-08,7.153236492459418e-09,0.4455983851562072,0.3510563917100437,-1.83220134937629e-06,-3.3546428567108263e-06,113.13378593364422,467.9685369888108,4.136417190734569,7.732484366145703e-21,4.220324566826654e-15,4.107160613529439e-15,1.2243212732208532e-09,1
M0,0.7,2.4,1.82005902991998e-06,3.354668599770249e-06,1.8431647241231177,0.2655641499672514,1.60510142455249e-08,7.149466746712424e-09,0.44542149407821563,0.3512288296586671,-1.83611004416551e-06,-3.361818073031311e-06,113.39215093073766,469.21941434483114,4.1380237564365485,5.082197683525802e-21,2.7679156266669193e-15,6.514349590540171e-15,1.937746019869023e-09,1
M0,0.7,2.5,1.82395723506158e-06,3.3618228713935597e-06,1.8431478582775318,0.26556017594524056,1.60489487024329e-08,7.145738692313975e-09,0.44524652828074246,0.35139945817442,-1.84000618376401e-06,-3.368968616424219e-06,113.64963954212664,470.46540828725915,4.139611970461827,2.838883862281991e-21,1.5428664791085789e-15,6.3383453663373766e-15,1.8813904455615904e-09,1
M0,0.7,2.6,1.82784507060333e-06,3.368956955694742e-06,1.8431304763607377,0.2655560802856819,1.60469040877041e-08,7.142049110377149e-09,0.4450733344788747,0.3515684246696,-1.84389197469104e-06,-3.376098997763074e-06,113.90639967767437,471.70733547600014,4.141183786080587,5.770411953169921e-21,3.1294739780711957e-15,7.042045156016106e-15,2.0858526840243736e-09,1
M0,0.7,2.7,1.8317239228782e-06,3.3760736956114398e-06,1.843112738466937,0.2655519007082914,1.60448792441959e-08,7.1383957693353125e-09,0.4449018070308985,0.35173583030060895,-1.8477688021224e-06,-3.3832120854043606e-06,114.16252469091101,472.9457156346209,4.142740508893758,4.116050728063866e-21,2.227578863403285e-15,5.976414506808313e-15,1.7664912384864616e-09,1
M0,0.7,2.8,1.83559474498103e-06,3.383175063735982e-06,1.8430947642372695,0.2655476654020828,1.60428732914081e-08,7.134777002852727e-09,0.44473186774303197,0.3519017495951893,-1.85163761827244e-06,-3.390309836787927e-06,114.41807908338332,474.1809116645515,4.1442831016153265,1.856193294568994e-21,1.0024603498284964e-15,3.950907860932745e-15,1.165353035897139e-09,1
M0,0.7,2.9,1.83945827133161e-06,3.39026255142321e-06,1.8430766298215346,0.2655433923090308,1.60408855004423e-08,7.131191452810766e-09,0.44456345334639635,0.3520662426320282,-1.85549915683206e-06,-3.3973937388239816e-06,114.67311273313996,475.4132004248652,4.1458122928189525,7.5405784640334e-21,4.063908321525523e-15,4.052039188443785e-15,1.1926904856916617e-09,1
M0,0.7,3.0,1.84331503939666e-06,3.39733726092001e-06,1.8430583965896576,0.2655390958891033,1.6038915270621e-08,7.127637991223058e-09,0.4443965112951861,0.3522293591173015,-1.85935395466729e-06,-3.4044648964674257e-06,114.92766239454609,476.64279037508305,4.147328680007175,8.95009422782376e-21,4.813550537463576e-15,2.443807386744186e-15,7.178242282010172e-10,1
