gate_voltage_V,sentaurus_current_A_per_um,vela_current_A_per_um,above_current_floor,absolute_log10_ratio,relative_error
0.0,4.07365314569859e-14,4.2470795036019935e-14,1,0.01810634297923172,0.0425726864071689
0.05,1.45746988750495e-13,1.5237905913426877e-13,1,0.019325697038530223,0.04550399593591088
0.1,5.3162096125488e-13,5.573659530435367e-13,1,0.020538339726129708,0.048427345166914076
0.15,1.96680416099453e-12,2.06780832199365e-12,1,0.02174916041492866,0.05135445765380446
0.2,7.35488466632372e-12,7.75351918613085e-12,1,0.022922999046034034,0.05419996884959787
0.25,2.77395119518709e-11,2.9322029371890894e-11,1,0.02409520860443959,0.057049216394496165
0.3,1.05306230138895e-10,1.1161381504741482e-10,1,0.025263887188776656,0.05989754737398109
0.35,4.01589985742641e-10,4.2677333193313687e-10,1,0.026414399076113215,0.06270909904271028
0.4,1.53513205172568e-09,1.6355941573336845e-09,1,0.027529811162085107,0.06544199601270297
0.45,5.86481139165824e-09,6.263736299495642e-09,1,0.028579415769525846,0.06802007450824567
0.5,2.22791085113889e-08,2.384421466366582e-08,1,0.02948521427366912,0.07024994521108636
0.55,8.32997283979949e-08,8.926799092541998e-08,1,0.030052175232554906,0.07164804306335217
0.6,2.99880802707094e-07,3.2120205297870334e-07,1,0.0298296477549753,0.07109908363302163
0.65,9.95383565355204e-07,1.0619379241130606e-06,1,0.028108664789356853,0.06686302755471618
0.7,2.86418292445134e-06,3.0311668532751805e-06,1,0.024609091896058557,0.05830072073899665
0.75,6.84162592274342e-06,7.168927954222599e-06,1,0.020294891140140603,0.0478398022889761
0.8,1.36453481210471e-05,1.417051092093098e-05,1,0.0164008892165971,0.03848658130413321
0.85,2.35630985106066e-05,2.429935723758483e-05,1,0.013362386951867176,0.031246261040194317
0.9,3.65852735959367e-05,3.753284378332957e-05,1,0.011105164054759985,0.025900317101854597
0.95,5.25599061067096e-05,5.370766486544746e-05,1,0.009381689539589773,0.021837153902208795
1.0,7.13036519447567e-05,7.263128173917568e-05,1,0.008011934718755526,0.01861938004869054
1.05,9.26223354166489e-05,9.410676422502994e-05,1,0.006905113584913943,0.016026682999338446
1.1,0.000116328372292402,0.00011794312056032165,1,0.0059869629011276276,0.013880949557695426
1.15,0.000142248116670341,0.0001439652043918962,1,0.005211013005952631,0.012071075257428879
1.2,0.000170225308392387,0.000172016741804263,1,0.004546587718866947,0.010523895822509344
1.25,0.000200016125867352,0.00020183910401422967,1,0.003940298504883869,0.009114155866045694
1.3,0.000231503813344467,0.00023331830575972978,1,0.0033906650039668583,0.007837851087847493
1.35,0.000264547911012483,0.000266317449764205,1,0.002895286897382284,0.006688915988599476
1.4,0.000299009533820154,0.00030069880306000436,1,0.002446663501425325,0.0056495497593945735
1.45,0.000334715411243543,0.00033628280671726344,1,0.002028954548853305,0.0046827705599130605
1.5,0.000371500955698383,0.00037290404030347455,1,0.0016371535024838231,0.0037767994498262222
1.55,0.000409221524104986,0.0004104041202785047,1,0.001253243727552914,0.0028898679660244904
1.6,0.000447737887338999,0.00044866969247135154,1,0.0009028883335231081,0.0020811397889297137
1.65,0.000486873271499676,0.0004874823354676091,1,0.0005429499311343449,0.0012509702289818733
1.7,0.000526509773277628,0.0005267498599732445,1,0.0001979916928340273,0.00045599665533633464
1.75,0.000566500197398282,0.0005663255745534541,1,0.0001338912662501228,0.00030824851541078014
1.8,0.000606712159394454,0.0006060701390464844,1,0.000459811989006501,0.0010581959468398188
1.85,0.000647025081670221,0.0006458660504942073,1,0.0007786594964044067,0.0017913234105574858
1.9,0.00068733020137282,0.0006856069566697946,1,0.001090211673736599,0.002507156967035014
1.95,0.000727532638198629,0.0007251972128867488,1,0.0013963548678352538,0.0032100625996142797
2.0,0.000767550624345467,0.0007645563596004708,1,0.001697524161614493,0.003901064828850306
2.05,0.000807316767025447,0.0008036166601562373,1,0.0019950406323501015,0.004583215684771067
2.1,0.00084677506748273,0.0008423229064327683,1,0.0022894509190519545,0.005257784765908368
2.15,0.000885880471356222,0.0008806307868251259,1,0.002581263747652828,0.0059259513002461964
2.2,0.000924596695084235,0.0009185053689205366,1,0.0028706375232562427,0.006588089916483516
2.25,0.000962896681645171,0.000955919431665788,1,0.0031584001188585268,0.007246104501535763
2.3,0.00100075992837978,0.0009928515454247582,1,0.003445591218642043,0.00790237771392935
2.35,0.00103817153819377,0.0010292873374615494,1,0.003732488368952774,0.008557546036830748
2.4,0.00107512134723282,0.0010652165608533088,1,0.004019575376332144,0.009212714829823143
2.45,0.00111160307040141,0.001100632634219417,1,0.004307352008751767,0.009869022922032289
2.5,0.00114761358276666,0.0011355320684361602,1,0.004596276175542424,0.010527510750939132
